ZIP code,complaints
30349,10843
33025,9356
77449,9337
33311,9167
60411,9090
33178,8896
30253,8661
30331,7867
35215,7594
30318,7226
33169,7184
77493,7084
30058,7017
30016,6596
75052,6566
33023,6539
30281,6498
30213,6415
60620,6397
93313,6326
60619,6303
75126,6222
30228,6214
33056,6144
33032,6143
33614,6064
60628,6027
33313,5941
33068,5902
77583,5841
77084,5828
75115,5810
77433,5806
28269,5803
30052,5480
30135,5428
77494,5416
77407,5390
77459,5223
30043,5088
33147,5071
33615,5061
08861,5040
75154,5037
19143,5021
77396,4992
77346,4947
77373,4882
30038,4880
77044,4828
77584,4779
34744,4686
33018,4640
33161,4625
76123,4593
33033,4539
75287,4501
30034,4490
28262,4490
28216,4456
30294,4435
33012,4433
33319,4398
33027,4394
32218,4370
34746,4365
60617,4365
19120,4326
33024,4284
32824,4258
33837,4219
77077,4175
10467,4173
29229,4171
60643,4169
19124,4142
33020,4140
60409,4136
11236,4129
30252,4093
18102,4091
32822,4085
33179,4075
33312,4072
33065,4072
33015,4070
33055,4062
01841,4057
33578,4039
33162,4021
21117,4002
78660,3925
30096,3905
76227,3898
34953,3888
75104,3860
30238,3859
30044,3822
10453,3785
37013,3779
33063,3763
33160,3737
76063,3728
32839,3721
60637,3711
33157,3703
33142,3701
33619,3649
33309,3615
34741,3603
19131,3601
30127,3597
33351,3584
30039,3567
35405,3566
30339,3548
38016,3518
34759,3513
19140,3508
33610,3503
77047,3497
77469,3487
39702,3468
60644,3443
60466,3443
11207,3432
33177,3431
33021,3426
30083,3424
10452,3416
60649,3416
48235,3401
10456,3396
10457,3387
30324,3376
30236,3375
10701,3375
38125,3374
33064,3374
77082,3353
30080,3345
30045,3332
76549,3325
63033,3324
60419,3295
75068,3280
70816,3277
32808,3272
10468,3268
33054,3266
11434,3252
60443,3241
60653,3198
20774,3179
77073,3177
32818,3153
33060,3142
19139,3137
33009,3132
32837,3120
60438,3116
33411,3112
30134,3110
11226,3107
30248,3105
77070,3089
27610,3088
70791,3082
77388,3081
33168,3076
32703,3070
33463,3062
60473,3055
48219,3047
33125,3047
32832,3046
36117,3039
53218,3024
33324,3012
07305,3011
76036,3006
30344,3001
77090,2997
19138,2996
34787,2991
34758,2986
19132,2984
77088,2977
33137,2972
35235,2972
30291,2971
30126,2970
32244,2968
77379,2952
30305,2944
33647,2941
78245,2930
33172,2922
28215,2919
46410,2918
19144,2893
28314,2889
11212,2888
77016,2886
33844,2884
77338,2884
29223,2884
63136,2883
70737,2883
30013,2877
33069,2873
77406,2872
30309,2866
30274,2865
10469,2853
33511,2850
33321,2845
77521,2841
31088,2835
32811,2834
34771,2832
11520,2828
77429,2828
75034,2826
33150,2818
28213,2815
10466,2809
38654,2803
28273,2795
90044,2793
30296,2792
35211,2787
10458,2784
77386,2783
30032,2781
30519,2774
33186,2773
30019,2748
30024,2747
77095,2746
33126,2744
33014,2739
28214,2738
19121,2736
11208,2728
39212,2726
07111,2716
75067,2706
19141,2695
33167,2692
21207,2687
20019,2685
30046,2683
33010,2680
31061,2675
33166,2668
31907,2663
33409,2663
92336,2655
33016,2654
33604,2637
30350,2628
19151,2621
75165,2621
18103,2621
77049,2615
76133,2613
11234,2612
33127,2604
90047,2603
60827,2602
30315,2599
75071,2598
39046,2594
32771,2581
75241,2580
11003,2579
93535,2573
33634,2571
89148,2568
53209,2566
19111,2565
20002,2565
77489,2564
33132,2560
20772,2559
48227,2547
33165,2545
33579,2544
30087,2540
76119,2533
30909,2533
76542,2525
93722,2524
33993,2519
76112,2514
19720,2512
77045,2509
33404,2505
19149,2504
77007,2504
77083,2503
35022,2502
60624,2484
21215,2483
75216,2482
35020,2478
20735,2476
27616,2470
32210,2456
10462,2456
11203,2450
38671,2450
60651,2445
77089,2441
33029,2440
77042,2433
77033,2433
11413,2428
32825,2427
60615,2419
30014,2415
10463,2407
33617,2405
32835,2405
07002,2403
28027,2401
21206,2396
77578,2395
53216,2394
20020,2384
33322,2381
77004,2378
29461,2378
90250,2376
36116,2375
30241,2371
07055,2360
89031,2359
10451,2358
75056,2357
63031,2355
78253,2353
11412,2351
77545,2344
92392,2343
30094,2341
32256,2338
48221,2338
33141,2331
19104,2328
76179,2327
77014,2325
35810,2322
31419,2320
30122,2317
76140,2314
33196,2312
90028,2312
70726,2303
19082,2298
01843,2290
37042,2284
30088,2284
10460,2283
30310,2283
60621,2283
76002,2281
21244,2277
30328,2274
78109,2268
33435,2266
30067,2266
20743,2263
33407,2254
30311,2252
33130,2249
75070,2243
32828,2242
20744,2241
38109,2235
75204,2234
27406,2230
07601,2226
19702,2226
91205,2224
38128,2219
91730,2215
48228,2212
34761,2206
18201,2204
78572,2201
07017,2197
23666,2194
11550,2183
60612,2180
11233,2179
08081,2169
33414,2168
78574,2161
31313,2155
30214,2155
75150,2151
08046,2151
30263,2149
92553,2140
90805,2133
33461,2132
20747,2128
33180,2121
27703,2118
33193,2118
07501,2115
07083,2112
33317,2107
76131,2105
76137,2101
33570,2098
78542,2097
30312,2095
10029,2091
39730,2091
21133,2086
35806,2082
48224,2080
30316,2077
33897,2076
33071,2075
79938,2073
19013,2072
33415,2071
07104,2068
85338,2067
89121,2067
70461,2066
30132,2063
30180,2062
70805,2059
77063,2056
44121,2055
11235,2053
75050,2050
29607,2050
33612,2048
19150,2047
30144,2043
90043,2042
30906,2041
35126,2040
30106,2040
30012,2040
77054,2039
75149,2034
11580,2033
32909,2032
48021,2031
33175,2029
77477,2029
77450,2029
38018,2024
85326,2023
91367,2022
60623,2016
60652,2011
75181,2010
89115,2003
35214,1997
75217,1997
33176,1988
30815,1985
29501,1978
43232,1975
89081,1975
60426,1973
11422,1971
32303,1970
33624,1966
10459,1963
39773,1957
33034,1957
27834,1954
92345,1953
32209,1949
30813,1947
11230,1945
91605,1943
39209,1939
34983,1935
33406,1935
10032,1929
30157,1927
19050,1924
94509,1922
39194,1913
90706,1913
11706,1912
85353,1911
77015,1907
20785,1907
34772,1907
39759,1905
02301,1905
38115,1905
21234,1905
19134,1901
60636,1899
28208,1899
28227,1897
34711,1895
94565,1895
38116,1893
77056,1892
75043,1888
77075,1886
11221,1886
33323,1885
11510,1885
75232,1884
30093,1876
85041,1871
93550,1869
38637,1867
77002,1864
39211,1862
21229,1860
30047,1860
19142,1859
33607,1859
07103,1858
30035,1855
01844,1852
77021,1848
89147,1847
29730,1847
32810,1845
33314,1845
60616,1842
10472,1839
89117,1839
36695,1838
78577,1838
10473,1836
48127,1835
33181,1835
34743,1835
70058,1834
92376,1834
29203,1827
91601,1826
20746,1825
89141,1818
33155,1816
07036,1814
28376,1813
11691,1811
44128,1807
70815,1805
33073,1804
33881,1800
30260,1798
28278,1796
30326,1793
38801,1793
11420,1792
27893,1782
77079,1779
19135,1777
60440,1776
33625,1775
23234,1773
70072,1772
30078,1766
85339,1766
07018,1766
91606,1764
30097,1761
23462,1760
85138,1759
60629,1759
91203,1759
30101,1758
30319,1755
48239,1755
44137,1754
28348,1750
77048,1750
32208,1750
60471,1747
79928,1746
76006,1744
20603,1744
76134,1742
30518,1740
29445,1739
11210,1738
33030,1733
30022,1732
30017,1730
91342,1729
11213,1729
76017,1727
70068,1727
19601,1727
30223,1726
31210,1724
20706,1724
39206,1723
20748,1717
20011,1717
77040,1713
75035,1712
77091,1712
60478,1710
91405,1709
27405,1707
28277,1706
89139,1706
22191,1705
89011,1704
32221,1704
10550,1704
94533,1703
02907,1703
28306,1703
77375,1701
75134,1697
93536,1695
29301,1693
30168,1691
77053,1686
23223,1683
89108,1680
33174,1678
78641,1676
76244,1673
33445,1673
44125,1668
85323,1668
27407,1667
70810,1661
89178,1660
75189,1659
76105,1658
75208,1658
33896,1658
38127,1658
33028,1656
85037,1654
48223,1651
33138,1649
39503,1646
48237,1646
07047,1644
33467,1640
30341,1640
77573,1640
91344,1635
27529,1635
60639,1633
38118,1632
75211,1629
33436,1628
92880,1627
37128,1627
95337,1626
32725,1620
11433,1620
18702,1620
78665,1618
30215,1616
33013,1616
89032,1616
75243,1615
33426,1615
35023,1615
78634,1614
77072,1612
43068,1610
77357,1609
77064,1609
10977,1608
70501,1605
93307,1602
46254,1602
10031,1601
20721,1599
33613,1597
89113,1596
29210,1594
71603,1589
20745,1583
77065,1583
70769,1582
89119,1581
77471,1580
32714,1579
89123,1578
60429,1578
39213,1577
33543,1577
39157,1577
34714,1575
29016,1572
10034,1571
70714,1571
90003,1571
34747,1569
77028,1567
29483,1565
78653,1564
76001,1564
10801,1563
33131,1561
60504,1560
14215,1558
77479,1558
31405,1555
19805,1554
46235,1553
78573,1552
48185,1550
91401,1548
90012,1547
92101,1546
60609,1545
29486,1544
19709,1542
48180,1542
48075,1541
21220,1540
76065,1540
90746,1537
75146,1535
33573,1534
91335,1534
07003,1533
19145,1532
72076,1531
89129,1530
53210,1527
89183,1527
28311,1525
35242,1523
91913,1522
94531,1522
19136,1521
23224,1521
90802,1520
89110,1520
33971,1520
33441,1520
32907,1519
60153,1519
11206,1519
36605,1519
20032,1518
93727,1517
07107,1515
33545,1513
75219,1512
37040,1511
48141,1511
29209,1511
21208,1510
29150,1510
29456,1509
76052,1508
07087,1508
33598,1508
76108,1506
19023,1503
07093,1502
21239,1501
32819,1500
31322,1499
70806,1495
77020,1494
77026,1493
29485,1491
07522,1489
77498,1489
33510,1488
46226,1488
53223,1487
77057,1487
78254,1485
75407,1485
90008,1483
93551,1482
28304,1481
44122,1481
91206,1480
10940,1476
20707,1473
72204,1472
44146,1472
19116,1470
11432,1469
70817,1467
33185,1467
32712,1466
44105,1463
07050,1463
07201,1462
90220,1459
20602,1458
11225,1458
35758,1457
06902,1457
39208,1457
92301,1457
48205,1454
33462,1452
07112,1452
92555,1450
33909,1449
95206,1449
30240,1449
90011,1446
44120,1446
33417,1443
11717,1438
90046,1436
07202,1436
80249,1435
90015,1435
77036,1432
08021,1431
90723,1431
53225,1427
90017,1425
38141,1425
77389,1423
92335,1422
19701,1422
75227,1420
29605,1419
91331,1418
92394,1418
19133,1418
21213,1416
90302,1412
85008,1411
28217,1408
70122,1408
76010,1405
20601,1405
77086,1405
90650,1404
30458,1404
39402,1404
75228,1403
07108,1402
27545,1401
33401,1398
10705,1397
19604,1396
89103,1396
32065,1394
89052,1393
38134,1393
75013,1393
10033,1393
35401,1391
33189,1390
75229,1387
07106,1387
75010,1386
33301,1384
91761,1383
79936,1382
32164,1379
11216,1379
28212,1379
27804,1377
19146,1377
72209,1377
70809,1376
10027,1374
33544,1374
33470,1373
33144,1372
77532,1372
36608,1371
79705,1371
23602,1369
29505,1369
22554,1368
19119,1367
78415,1367
34668,1367
92407,1366
33135,1366
35244,1365
48076,1365
70570,1363
94544,1363
92557,1362
32807,1362
92563,1361
31206,1360
07304,1357
33326,1357
29681,1355
70811,1355
10040,1355
33139,1355
77520,1355
10465,1354
90301,1354
34609,1353
11553,1353
32114,1351
78541,1348
39648,1348
77051,1345
27604,1345
31093,1344
75039,1344
19802,1343
32246,1343
89084,1342
48234,1341
32821,1340
91343,1339
72120,1338
21216,1337
92584,1336
70127,1335
70814,1335
91406,1335
75212,1333
11229,1333
78244,1331
77581,1330
75062,1329
08618,1328
75063,1326
76132,1326
90019,1324
33076,1324
75007,1324
23434,1323
92154,1323
30008,1321
77066,1321
27265,1320
33805,1320
30314,1320
75024,1317
60607,1316
29115,1316
70802,1315
75234,1313
70807,1312
77041,1310
32792,1310
11701,1309
36609,1309
10314,1308
95823,1307
29045,1307
77019,1306
34952,1304
77365,1303
75006,1301
33569,1301
35206,1297
33145,1297
33133,1297
76014,1295
77099,1294
32809,1293
33004,1292
07206,1292
33810,1292
78233,1291
30004,1291
30064,1289
34769,1288
33712,1287
10461,1286
23320,1284
32812,1283
91764,1282
28303,1281
27587,1281
43219,1280
76028,1279
11590,1279
70126,1279
76040,1279
20874,1277
36618,1275
19026,1273
33183,1273
21237,1273
92507,1272
10455,1270
33170,1267
77093,1266
35216,1266
85286,1265
11368,1264
60446,1263
91402,1262
37207,1260
43110,1260
32073,1259
90247,1259
48174,1259
29440,1259
92551,1256
90813,1255
91352,1255
76039,1255
48322,1254
72113,1252
92503,1248
92395,1248
77034,1247
92530,1247
07011,1246
77067,1246
12550,1246
02124,1246
78582,1245
33444,1244
19401,1242
43228,1242
34120,1242
20720,1241
28110,1241
75078,1241
32177,1238
35749,1236
93534,1235
11435,1235
76543,1234
90221,1233
28078,1231
31909,1231
07666,1230
77590,1230
53224,1229
77027,1227
08104,1224
19122,1224
77591,1223
48126,1223
11722,1223
11219,1221
02909,1219
30060,1215
32117,1215
11429,1215
30342,1214
90016,1213
89131,1211
92509,1211
78414,1210
92404,1210
94591,1210
91201,1210
20904,1209
76018,1207
28025,1206
60406,1206
10475,1206
94605,1206
30092,1205
30084,1204
75040,1203
92882,1202
45231,1201
95687,1201
75051,1199
53206,1198
91042,1197
30066,1197
30141,1193
30308,1191
01902,1190
70458,1190
33584,1189
63121,1189
33067,1188
77043,1187
33880,1187
21075,1187
48111,1186
60430,1186
34473,1185
70764,1184
15235,1183
95835,1182
37130,1182
48089,1181
39701,1181
94513,1181
92324,1180
08701,1179
11419,1178
33428,1176
91739,1175
11365,1174
11223,1174
11214,1173
39047,1166
32211,1166
07109,1164
93309,1163
60453,1163
33325,1162
70094,1162
27858,1162
32707,1161
95758,1161
78249,1160
77339,1160
89030,1160
21218,1159
33884,1159
33143,1159
78613,1158
60901,1158
29680,1156
37167,1156
30102,1155
08016,1155
29615,1154
78626,1153
75240,1153
90059,1150
93552,1150
75201,1149
31602,1148
39272,1147
90037,1144
19904,1144
77502,1144
30329,1144
75069,1143
60402,1143
32708,1140
70056,1139
89149,1139
94541,1138
85042,1138
75254,1137
33413,1137
77022,1137
33334,1136
32746,1134
27597,1134
75237,1134
89122,1134
32216,1132
30680,1131
33184,1131
92618,1129
76011,1128
75231,1127
77038,1127
79762,1127
38106,1125
07631,1124
19114,1124
77568,1123
20708,1122
02368,1120
46239,1118
79424,1118
63137,1118
48197,1118
11421,1117
91387,1116
78664,1116
77642,1116
39401,1115
63135,1115
10704,1114
30273,1113
23225,1113
92571,1112
91911,1112
75119,1111
08105,1108
71118,1107
33035,1107
94806,1107
19406,1107
78130,1106
38614,1106
19152,1104
08873,1104
89128,1103
29673,1100
77530,1099
48238,1099
92570,1098
31204,1098
01109,1097
75098,1096
76548,1095
60016,1095
78640,1095
91977,1094
32801,1094
38002,1094
34748,1094
33187,1094
22193,1093
32277,1092
30265,1091
21217,1091
77060,1090
79423,1090
20716,1089
77539,1088
44118,1087
40216,1087
23831,1086
77009,1086
27520,1085
11238,1085
35208,1084
29611,1084
75093,1084
33134,1083
46143,1083
32301,1082
78251,1082
76502,1082
39120,1081
48091,1081
10454,1081
71203,1080
85345,1080
89107,1080
23803,1080
77447,1079
07208,1079
30338,1079
53212,1078
29406,1077
34208,1077
08054,1077
80013,1076
30152,1076
78589,1075
31601,1074
33136,1074
11224,1073
77301,1073
77024,1072
95833,1072
34472,1070
34986,1070
29073,1069
77025,1068
94124,1067
32817,1067
11218,1066
23435,1066
60425,1064
78504,1063
28358,1063
21221,1062
33572,1062
78223,1061
77035,1061
70065,1061
75215,1059
95828,1059
76180,1059
91766,1058
77566,1058
39056,1058
60608,1056
90018,1055
77327,1055
18052,1054
70131,1054
91311,1052
07644,1052
48033,1052
02148,1051
29407,1051
75409,1051
85392,1050
95207,1049
21060,1049
07203,1049
30062,1048
71457,1044
95747,1044
75074,1044
02136,1043
21113,1042
11385,1042
53222,1042
02905,1041
23608,1037
33433,1036
75038,1035
85122,1035
33916,1035
37421,1033
89074,1032
89102,1032
91356,1031
70117,1030
90045,1030
75002,1029
77087,1029
30082,1029
02908,1029
78412,1029
28054,1028
75081,1027
77380,1027
02860,1026
07060,1026
60605,1026
07008,1025
77071,1023
60586,1022
75033,1022
77006,1021
21236,1020
18042,1020
37211,1020
33823,1020
23231,1019
32225,1019
31407,1018
44124,1018
10025,1018
08094,1017
33976,1017
60435,1016
23464,1016
93306,1016
77354,1015
07508,1015
79701,1014
33594,1013
90001,1012
35111,1012
92201,1012
29579,1011
76705,1011
92114,1011
48203,1011
91762,1009
33173,1009
11418,1008
84096,1007
23669,1006
38305,1006
29418,1005
70506,1005
75054,1005
71111,1004
90731,1004
27537,1003
19115,1003
92223,1002
91710,1002
33026,1002
19018,1001
35209,1000
29732,999
19027,998
33626,998
32304,998
93215,998
91324,996
32738,996
19154,996
07105,995
21061,995
78501,993
19020,991
21222,991
27704,990
23321,990
91306,990
39110,990
08854,989
48066,989
33705,988
18466,987
91910,986
11377,986
35040,984
60477,983
19464,980
85040,979
32829,978
91303,978
33991,978
91304,978
77055,977
34608,976
28205,976
61604,976
77506,975
99301,974
39204,973
31406,973
30224,973
31404,972
85043,970
70454,969
21224,968
21001,968
43081,968
90280,968
34638,968
60610,967
11411,965
91202,964
60484,963
30188,963
11101,963
75044,963
06511,962
46260,962
70812,961
92020,960
29154,958
79763,958
94577,958
08901,958
77080,957
27410,957
08902,955
95834,955
27713,955
38930,955
32068,954
70560,954
95209,953
60803,953
79761,953
28117,952
23452,952
70710,952
20906,951
32305,951
32258,951
30345,949
07205,949
70301,949
30297,949
19126,948
92562,948
45240,946
29720,946
28372,945
35127,945
29644,944
36617,944
21212,944
23112,943
48187,943
07306,942
46224,942
90036,942
89014,942
95330,941
78258,941
43229,940
28590,939
89104,939
14609,939
21740,939
17603,937
27527,937
07026,937
78240,936
29506,936
20613,936
60104,936
35757,936
23455,935
18104,935
85035,934
85225,934
60428,934
39705,934
90305,933
91403,933
06606,933
07052,932
45239,932
34221,931
34116,930
90745,930
31707,929
36869,929
78741,929
46323,928
75023,927
76107,927
64138,926
32259,926
91325,926
90002,926
33602,925
43227,925
46214,924
06810,923
29651,923
76522,922
27909,922
18109,922
33605,921
78754,921
23323,920
91204,919
89118,918
75001,917
32827,917
75224,916
95838,916
48092,916
48035,915
19901,915
20910,915
92545,915
23504,914
60431,914
07514,914
35404,914
77515,913
91709,913
21044,913
31906,911
29340,911
48439,910
78218,910
28364,910
70403,909
32505,909
18018,908
30076,907
20770,906
29316,906
43213,906
30071,906
91607,904
85340,903
21045,903
85301,903
64133,902
60634,902
30040,902
11204,902
93311,902
21136,902
79706,901
63138,901
48213,901
78744,901
18301,900
38655,900
77385,899
33442,899
11746,899
48188,898
10039,897
28202,896
27801,895
90201,894
75206,893
46307,892
75089,890
30005,889
29063,888
35217,887
63130,887
10304,887
60640,885
90222,883
94585,883
76116,883
78666,882
62269,882
98387,881
78155,881
77008,881
89012,881
29420,880
92105,880
45238,879
72301,879
48911,878
10002,878
07065,878
70767,878
31792,877
77081,876
07307,876
21225,875
33460,875
29360,874
91326,874
28546,874
78728,874
02780,874
90061,874
85226,873
77598,873
46312,873
36606,873
79107,872
37043,871
10710,870
90004,870
29512,869
76177,869
10030,869
46218,868
93720,868
19153,868
34786,868
60085,867
48204,866
48504,866
21223,865
85379,865
08638,865
20003,865
91752,864
77092,864
77441,863
92543,863
46268,863
85142,862
92307,862
90292,861
11575,860
28390,860
91364,860
46229,859
92805,859
77069,858
76051,856
80239,856
11211,856
75019,856
75061,855
14621,853
10037,853
43230,853
11726,853
89101,853
19602,853
78154,852
32836,852
78610,852
36301,851
34947,851
60626,851
32701,851
78413,850
10026,849
60462,849
35160,848
95376,848
92804,847
32765,847
90744,847
20147,846
94561,846
70119,844
18017,844
95757,844
02121,844
29303,843
85283,843
62221,842
89166,842
89130,842
10703,842
02302,842
94578,841
90806,841
28079,840
31605,840
63034,839
89142,839
85212,839
75180,839
48124,839
01108,839
62226,838
60638,834
37076,833
38111,833
93274,833
17104,832
23502,832
91423,832
94621,831
75025,831
92234,830
32608,830
85251,830
44143,829
23513,828
89044,827
77096,827
95123,827
48207,826
21202,825
32908,825
17110,825
44108,824
60422,824
85395,824
21040,824
89106,823
28360,823
78503,822
33603,821
34982,820
27591,819
30011,819
38114,819
27534,818
32773,817
46368,816
30907,815
78758,815
90027,814
89015,813
06112,812
72211,812
94603,812
77017,811
33190,811
75032,810
32967,810
76016,810
78108,810
17602,809
45211,809
90262,808
33430,808
22192,807
22407,807
77571,807
44102,806
46324,806
28173,806
33637,806
79765,805
89145,804
79912,804
72223,804
71112,804
90241,803
75159,803
29341,802
85295,801
89169,801
27106,801
75080,800
19801,800
90007,800
60647,799
73099,799
90501,798
60641,798
89156,798
35228,798
32905,797
48186,797
72034,797
32805,797
06514,796
32506,796
77845,795
60107,795
11374,794
95822,794
33308,794
60506,794
77523,794
33541,793
77061,793
33432,793
94568,793
30313,793
70760,792
91316,792
28052,790
76706,790
31721,790
33914,789
43207,788
19128,787
34234,787
75087,787
44035,787
39042,787
48038,786
19977,786
29212,786
78222,786
85021,786
20001,786
94601,785
77377,785
01830,785
06002,784
90249,784
20695,784
35173,784
11727,784
40511,783
31904,783
91501,783
27603,781
01604,780
27896,780
95210,780
11369,779
63114,779
33936,779
78596,778
19148,778
20018,778
93065,778
28115,778
02125,778
92126,778
33830,777
71303,777
85016,776
77546,776
08110,775
75904,774
28083,774
63376,774
33437,774
02904,773
75088,773
76106,773
63118,772
92505,772
32962,772
77074,771
30354,771
19713,771
34987,771
31705,771
02151,771
63042,771
23703,769
38119,769
78521,769
32826,769
94612,768
48198,768
35064,768
31021,767
21076,767
70508,765
11375,765
02920,765
60707,765
28352,765
36526,765
78748,764
10035,764
85029,763
75072,762
85051,762
30606,762
92592,762
92585,762
85281,761
29072,761
48034,761
98003,760
94590,759
95825,759
85303,759
60475,758
60148,757
38017,757
78628,757
32607,757
02126,757
33635,757
30114,756
78221,756
95377,755
78045,755
37066,754
31005,754
27526,754
11201,754
75082,753
75110,753
77018,752
92346,752
32226,751
85224,751
30033,751
23607,750
11367,750
92108,750
27612,749
29532,749
78537,749
32901,749
32219,749
35811,748
90068,748
75454,748
90660,748
40219,748
32207,748
10303,747
11237,747
90038,747
92883,746
07024,746
71202,745
33563,745
33990,745
75009,745
29405,744
85022,744
92410,744
19130,743
77511,743
30542,742
95624,741
85202,741
77078,740
27105,740
11209,740
93618,739
44123,739
38672,739
95219,738
28803,738
43147,738
95035,737
90804,737
77304,736
36303,736
92879,736
06516,736
02119,735
29414,735
77504,735
33331,734
60804,734
60563,734
35212,734
85140,734
46123,734
78753,734
31069,733
32724,733
76021,733
29621,731
27330,730
77423,730
89135,730
91350,730
30340,730
07753,729
18202,729
90255,729
07032,729
88240,728
90807,728
36109,728
45417,727
90062,727
27707,726
34606,725
10019,725
43123,725
17109,724
75248,724
37086,723
92344,723
60115,723
48214,723
32257,721
77706,721
70601,721
46038,721
90303,721
72206,720
94538,719
30120,718
95122,718
77384,718
22401,718
20715,718
63134,718
07513,717
23601,716
31008,716
20009,716
31326,716
95205,714
34203,714
39341,713
33410,713
46404,712
20705,712
34243,712
60618,711
91001,711
75703,710
32904,710
20723,710
43204,710
20850,709
20724,709
80011,709
32092,708
92596,707
95204,707
21801,707
28210,707
92504,707
93304,707
32526,707
30030,707
91040,706
11205,706
22630,706
93291,706
72116,705
91786,705
48310,705
22408,705
00725,705
77068,704
23456,704
27560,704
44112,704
11423,702
02169,702
37129,702
60417,700
27606,700
35207,700
10306,700
77003,699
70114,699
60645,699
23222,699
17046,698
20176,698
32935,698
77630,697
78410,696
75236,696
35007,696
35218,696
23606,695
39564,695
79924,695
33534,694
62040,694
75253,693
91950,693
27127,693
11373,693
36575,692
29488,692
11729,692
90005,692
30809,692
79707,692
08817,690
75137,690
39532,689
36701,689
44134,689
27530,689
91604,689
63303,689
10950,688
20852,687
78526,687
98032,686
77535,686
21230,685
08401,685
78681,685
11581,685
90260,684
30327,683
78247,682
02149,682
93312,681
71360,681
34997,679
90006,679
44111,679
72118,679
23322,678
71270,678
79407,678
71107,677
10301,676
35124,675
28105,674
07524,674
75252,674
11417,673
93711,672
21804,672
32222,672
78745,672
95843,672
00926,672
78724,672
40214,671
06051,670
29803,670
11356,670
60517,670
06106,669
21214,668
92704,667
06708,667
98375,666
44106,666
75075,666
12601,665
11217,665
60543,665
32514,665
33327,664
77023,664
90810,664
29715,664
27617,663
46112,662
72117,662
60188,662
31763,662
30041,662
23701,661
28451,660
15221,660
23228,660
22204,660
36801,660
34471,660
80022,659
44109,658
60099,657
77039,657
46037,657
64134,656
76053,656
85296,655
77076,655
94804,655
76208,653
48044,653
78723,653
46237,653
92626,653
64030,653
35226,653
53208,652
35756,652
21144,651
76712,651
92612,651
31024,650
71106,650
33974,650
45237,649
30075,649
20877,649
28806,649
31525,649
68111,649
02131,648
31324,648
11554,648
07621,648
80016,647
20784,646
19446,646
96786,646
70043,646
07095,645
19123,645
33809,645
06705,644
32084,644
01840,643
30307,642
48336,642
60544,641
33904,641
96706,641
95670,641
60302,640
98023,640
19711,639
39180,639
72756,639
08360,637
29020,637
17111,636
17403,636
75702,636
32308,636
85044,636
08755,636
78516,634
35816,634
60625,634
92021,633
33764,633
79934,633
75077,633
85706,632
30189,632
08096,632
93612,631
90034,631
27615,630
08753,630
34476,630
44306,630
63129,630
85282,630
61614,629
15210,629
33328,629
01104,629
33618,629
92647,629
20109,628
33973,628
32311,628
85033,628
95020,627
35068,627
73120,627
93030,626
93619,626
43004,626
49508,625
39601,625
78539,625
90066,625
70128,625
85143,625
08234,625
27284,624
90069,624
35204,624
22701,624
27613,624
28081,623
29906,623
12553,623
79416,622
35805,622
92337,622
38701,622
76210,622
61821,621
62234,621
78411,621
35630,620
43211,620
72401,620
32720,620
79109,620
33711,620
48505,620
06114,619
90029,619
76544,619
75060,618
46360,618
60659,618
46205,618
29617,618
78747,618
08109,618
92583,618
60914,618
11758,618
20902,616
33128,616
44313,616
72032,616
85396,616
24540,615
94607,614
15001,614
40229,614
90035,614
78621,614
29527,614
20607,613
38301,613
61832,613
78228,613
98444,613
28540,612
43224,612
48340,612
32224,612
85004,612
78230,611
01420,610
45040,610
76120,610
08610,610
92705,609
23832,608
91744,608
37072,608
20110,608
92595,608
92236,608
94606,608
77803,608
11372,607
11967,607
93257,607
23185,607
98499,607
63301,606
60120,605
75701,605
75901,605
79118,605
39367,605
91411,605
23505,604
77536,602
92532,602
21228,601
06450,601
33801,600
77705,600
34142,600
92123,599
36693,599
07712,599
78250,598
60169,598
33566,598
75235,598
77503,597
60633,597
85335,597
47130,597
46234,596
11757,596
21030,596
30269,596
94589,595
95608,595
44139,595
27215,595
45011,595
23518,594
75048,593
08302,593
92683,593
70507,593
37115,593
22304,592
29550,592
30117,592
01832,592
85305,591
91702,590
07102,590
48910,590
11416,590
91706,590
60622,589
22405,589
19067,589
78213,589
48225,588
95051,588
07040,588
60056,587
60452,587
91701,587
34219,586
27332,586
77085,586
48125,586
76226,586
14606,585
27519,584
72205,584
29650,584
79764,584
19973,583
44119,583
85302,583
38135,582
76262,582
11436,582
10952,582
78224,582
27103,582
78586,582
76708,582
40258,581
07503,581
08879,581
72315,580
98445,580
45251,580
35205,579
91770,579
93230,579
85210,579
33907,579
32205,579
94534,579
92113,578
85201,578
32404,577
35603,577
60090,577
85209,576
18015,576
11798,576
33559,576
90242,574
94608,574
33040,573
33870,573
35613,572
92102,572
95660,571
22031,571
75249,571
08103,571
85032,571
23324,570
19320,570
91915,570
77303,570
07504,569
27107,569
19032,569
95829,568
28326,568
00956,568
46201,568
33905,568
23453,568
63111,567
48503,567
02895,567
95336,566
21921,566
20878,566
70118,564
93292,564
63116,564
95363,564
27260,564
01605,564
33913,563
20653,563
96818,563
29061,563
11370,562
72404,562
92203,562
36108,561
30904,561
48312,561
95826,561
85009,561
33122,561
90703,561
92056,560
62521,560
27513,560
64130,559
39059,559
06513,559
93308,558
32137,558
80012,557
20017,557
17042,557
19053,556
06610,556
33304,556
95831,556
29526,556
17404,556
20886,555
85023,555
06704,555
31533,555
92630,555
78252,555
90057,554
93277,554
92648,554
30288,553
22314,553
10552,553
32043,553
48334,553
38133,552
75160,552
92544,552
11220,552
75041,552
71220,551
30566,551
94520,551
92620,550
29625,550
33713,549
76710,549
45424,549
37209,548
95842,548
02150,548
63146,547
02128,546
70517,546
92660,545
14211,545
06010,545
70607,545
30021,545
95610,544
01852,544
85085,544
91708,544
31794,544
46208,544
98374,543
35601,542
11552,542
23227,542
78260,542
90048,542
48146,542
60660,541
70706,541
46342,541
90026,540
43026,540
33156,540
30517,540
33547,539
60202,539
98944,539
38804,539
08060,538
52806,538
91767,538
34736,538
79927,538
60073,537
33811,537
53217,537
92614,537
06604,536
85015,536
28152,536
85308,536
63366,535
23860,535
95688,535
35005,535
90020,535
63115,534
84081,534
95212,534
91504,534
01905,534
21702,534
93726,533
90022,533
95821,533
92240,533
34639,532
33418,532
44135,532
60502,532
37087,532
33596,532
27302,531
60527,531
20782,531
89086,530
28150,530
63385,530
02910,530
33315,529
48083,529
71108,529
36067,529
19606,528
29412,528
11692,528
44113,527
78237,527
07407,527
93036,527
37122,527
36582,527
61103,527
44320,526
60805,526
71730,526
11772,526
07013,526
95630,526
72210,526
36610,526
34207,525
45215,525
28677,525
85031,525
10305,524
12180,524
29910,524
08205,524
11704,524
92801,524
28112,523
78570,523
29687,523
49203,523
70818,523
36066,522
28134,522
34653,522
34205,522
48315,522
30317,522
19061,522
28301,521
95355,521
38635,521
75116,520
23059,520
15146,520
70592,520
07728,520
08330,520
76513,519
90640,519
76111,519
79907,518
28206,518
92881,518
34984,518
48240,517
92806,517
00987,517
76248,517
92840,516
34652,516
44132,516
70605,516
85383,516
36830,515
23236,515
00953,515
30548,515
94619,514
11239,514
90815,514
28562,514
40291,513
19125,513
29349,513
23060,513
07424,513
38863,513
38053,512
72002,512
45014,512
78229,511
94080,511
80134,511
27217,511
32174,511
22306,511
60611,510
29118,510
32806,510
43615,510
60490,509
94112,509
33487,509
30233,509
78239,509
80247,509
95112,508
95815,508
31548,508
08611,508
18705,508
32757,508
77355,508
91351,507
31903,507
08012,507
33803,507
36613,507
29710,507
60632,507
30346,507
29745,507
87121,506
19038,505
48093,505
45069,505
95348,505
79703,504
95678,504
78227,504
28601,504
80014,504
29801,504
32206,504
30028,504
80017,503
55106,503
34112,503
28056,503
75244,502
95127,502
30655,502
46203,501
92374,501
27803,500
33972,500
92377,500
23503,500
92508,499
85019,499
38851,499
75057,499
98404,499
63368,498
19007,498
21209,498
85014,498
70785,498
10562,498
53704,498
80015,497
32940,497
60487,497
94547,497
74012,497
33484,497
18504,497
85233,496
20783,496
27455,496
32547,496
49507,496
23454,496
06614,496
77356,496
44052,495
10009,495
92115,494
71301,494
76012,494
75028,494
40218,494
20876,494
46227,494
46222,493
28001,493
73013,493
84020,493
33431,492
11001,492
20148,492
27870,491
85027,491
84005,491
90631,491
10023,491
85248,491
02919,490
98092,490
71854,490
22030,490
37217,489
06053,488
10036,488
48335,488
44103,488
84043,488
78216,488
48212,488
75771,487
36092,487
71105,487
39350,487
29707,486
77707,486
30824,486
08332,486
78418,485
92173,485
78729,485
19129,485
32960,485
46322,484
78702,484
29646,484
90620,484
62703,484
07650,484
08872,483
94303,483
93063,483
40299,483
46219,483
10566,482
02703,482
29708,482
76013,481
92109,481
95023,481
93906,481
98052,481
29108,480
61109,480
10011,480
98031,480
33611,480
46320,479
06040,479
92677,479
90230,479
22102,479
01960,479
68104,478
29403,478
33062,477
39305,477
18704,477
35210,477
33756,477
61201,477
36507,477
44130,477
43607,477
70363,476
93611,476
44104,476
11801,476
84045,476
71302,476
21201,476
34715,475
78552,475
33496,475
33709,475
31220,475
46060,475
89436,474
30601,474
43209,474
22801,474
40211,473
46375,473
85204,473
07010,473
73160,472
60559,472
34691,472
19605,472
95307,471
08527,471
75238,471
91307,471
33702,471
89146,471
78617,471
27565,470
07726,470
28377,470
60585,470
80112,470
27409,469
34109,469
98030,469
75167,469
02155,469
21204,469
11355,469
75203,469
76504,469
07302,468
78232,468
32958,468
94560,468
46221,467
93706,467
85254,466
34119,466
92316,465
33558,465
91768,465
20740,464
07960,464
10001,464
95356,464
48036,463
32763,463
34104,463
17103,463
60449,463
45224,462
92405,462
92253,462
02072,462
11784,462
10310,462
91942,462
74133,462
62002,462
35802,461
00976,461
11249,460
92057,460
34211,460
73505,460
23451,460
30121,460
91505,460
94587,459
77098,458
98087,458
85260,458
36106,458
93705,458
28226,458
19147,458
20171,457
77013,457
78046,457
33182,457
48507,457
92139,456
28405,456
91763,456
98391,456
64131,455
85746,455
43016,454
91104,454
78374,454
28211,454
39501,454
78211,454
22312,454
33860,453
33755,453
48206,453
60423,453
43614,453
08724,452
77478,452
62526,452
91302,452
19703,452
76117,452
85205,452
84119,452
46074,452
75605,451
33901,451
30286,451
75226,451
01610,451
92591,451
11102,451
21043,451
06320,450
08002,450
55412,450
76020,450
53204,450
78242,450
84044,449
58801,449
92058,449
30337,449
34689,449
63304,449
38860,449
63074,449
36867,449
32254,448
70001,448
22202,448
75602,448
48532,448
28012,448
32351,448
78602,447
27540,447
61820,447
01702,447
27705,447
40245,447
71052,446
78238,446
43223,446
55411,446
11357,446
98122,445
29624,445
33556,445
85006,445
32086,445
07502,445
60031,444
34950,444
96707,444
15206,444
48506,444
77351,444
77414,444
06512,444
89120,444
87120,444
78259,444
33440,443
11735,443
92707,443
20024,443
34474,443
72015,442
93723,442
29649,442
94536,442
39739,442
11763,442
37406,442
80231,441
85018,441
90275,441
73012,441
10312,441
78840,441
92411,440
60458,440
43231,440
23834,439
21009,439
30901,439
25404,438
30165,438
17601,438
65202,438
92308,438
60156,438
95621,438
32955,437
07071,437
85297,437
34117,437
71201,437
76205,437
90715,437
80205,437
70433,436
10927,436
43206,436
80916,436
35120,436
79106,436
18505,435
70520,435
78416,435
60525,435
95820,434
27609,434
93662,434
92780,434
33403,434
00669,434
34655,434
85020,434
80010,434
92071,434
85382,434
33434,433
35474,433
60532,433
46406,433
11756,433
31520,433
60613,433
48183,432
11779,432
97838,432
48317,432
60656,432
95148,431
23238,431
63108,431
14616,431
29609,431
11354,431
08859,431
37214,431
92311,431
18974,430
98204,430
94110,430
98118,430
14615,430
77640,430
00729,430
27320,430
30504,430
46055,429
08043,429
94103,429
91765,429
75230,429
32804,428
38680,428
31211,428
33455,428
75501,428
40324,428
32503,428
55443,427
10954,427
34610,427
20010,427
36330,426
02861,426
28401,426
06105,426
76537,426
00777,426
44110,426
11231,426
29577,426
60642,425
46236,425
85756,425
22079,425
73132,425
43235,425
98682,425
21122,425
76541,424
00949,424
22602,424
31216,424
60130,424
30549,424
31015,424
92703,423
35243,423
21703,423
27549,423
60155,423
00791,423
90240,423
27614,422
33525,422
44305,422
06605,422
70460,422
61615,422
28209,422
32539,421
78217,421
44094,421
55901,421
60133,421
46168,421
38104,421
30605,420
98001,420
95648,420
60540,420
60601,420
32641,419
93033,419
60123,419
75220,419
46032,419
67207,419
02740,418
95126,418
85388,418
08080,418
33935,417
00693,417
44077,417
21114,417
70125,417
11358,417
76102,417
70808,417
08028,417
62704,416
76009,416
14619,416
85053,416
78727,416
75042,416
91790,416
47909,416
29706,415
07094,415
29588,415
90717,415
30115,415
53154,414
32803,413
32780,413
95765,413
55429,413
11743,413
11414,412
60193,412
08053,412
77320,412
94596,412
27253,411
38012,411
22033,411
31087,411
33066,411
91101,411
06457,410
19403,410
36064,410
76209,409
95136,409
35224,409
20646,409
90033,409
78520,409
53511,409
60564,408
32926,408
29662,408
77316,408
07740,407
06108,407
92026,407
91801,407
92104,407
48601,407
70113,407
30620,407
15136,406
22003,406
46250,406
15212,406
07747,406
37075,405
46403,405
40272,405
22556,405
07660,404
18045,404
94580,404
55119,404
23237,404
66104,404
17401,404
66109,403
01851,403
77032,403
90405,403
31415,403
30009,403
32750,403
90014,402
60654,402
95350,401
58104,401
92054,401
90025,401
29153,400
13501,400
90503,400
80910,400
31217,400
92656,399
14228,399
48210,399
78717,399
85364,399
46202,399
77345,399
33919,398
96797,398
00745,398
01040,398
01119,398
33476,398
32536,397
03103,397
77029,397
98042,397
95111,397
98058,396
43420,396
90605,396
06770,396
34232,396
90064,396
43613,396
91602,396
32533,396
27360,395
23220,395
95841,395
11570,395
77840,394
17057,394
85013,394
98034,394
22901,394
33813,393
21401,393
06451,393
22406,393
36535,392
70401,392
00794,392
31701,392
20737,391
32507,391
84047,391
71109,391
76104,391
55430,391
10941,391
98056,391
70123,391
39828,391
46256,390
27502,390
33405,390
77802,390
27401,390
78207,390
29334,390
32751,389
00957,389
85213,389
45044,388
36832,388
71601,388
66441,388
78210,388
43119,388
30268,388
06615,388
60459,387
11364,387
11106,387
30721,387
63112,387
90042,387
37064,387
60630,387
53403,387
01970,387
33019,387
00924,386
24501,386
39083,386
03060,386
92111,385
37416,385
85255,385
43054,385
90505,385
93638,385
01603,385
35071,385
30161,385
77708,384
78201,384
06118,384
10470,384
33616,384
93704,383
60139,383
95351,383
63043,383
70788,383
97229,383
89506,383
93560,383
10309,383
62208,383
10302,382
80601,382
35010,382
92802,382
13502,382
92025,382
00778,382
79925,382
07470,381
28704,381
91941,381
70062,381
48236,381
35221,381
95380,381
53590,381
28379,381
76207,380
11222,380
90210,380
80204,380
24017,380
34951,380
78380,379
38107,379
93702,379
78852,379
53719,379
55124,379
25428,379
93314,379
32168,378
92262,378
92040,378
27886,378
10016,378
93436,378
77505,378
33316,377
46319,377
31750,377
72019,377
22601,377
11563,376
85249,376
29640,376
44117,376
85207,376
92399,376
85705,376
33140,376
46228,376
90212,376
32129,375
60445,375
08609,375
98059,375
90032,375
19095,375
90602,375
92627,375
00983,375
79605,375
90601,375
60201,375
72758,374
90504,374
35661,374
76114,374
85017,374
33759,374
89002,373
06851,373
49442,373
92691,373
78332,372
94503,372
70503,372
42701,372
28625,372
78550,371
63103,371
08075,371
02130,371
92506,371
39667,371
08816,371
92120,371
73135,371
90712,371
60441,370
06095,370
01453,370
94801,370
77550,370
61822,370
48331,370
06611,370
07029,369
75460,369
78220,369
60173,369
32796,369
08857,368
29365,368
08863,368
29388,368
76082,368
94109,368
95993,368
11720,368
71291,367
32609,367
92019,367
01602,367
98188,367
29642,367
44312,367
85374,367
95008,366
91355,366
27012,366
70346,366
79915,366
85381,366
36502,366
60160,366
39090,366
32789,366
28147,366
60432,365
77587,365
62702,365
92129,365
07062,365
95391,365
77382,364
76155,364
48316,364
75036,364
24502,364
75114,364
92582,364
60560,363
95125,363
48313,363
77302,363
33770,363
29536,363
33486,363
28340,363
79403,363
70003,363
48326,363
29841,362
75202,362
70820,361
95050,361
06854,361
79932,360
90056,360
33458,360
06042,360
31047,360
92708,360
61107,360
94501,359
36545,359
61108,359
00662,359
27262,359
92833,359
94803,359
53711,359
91773,359
28312,359
76084,359
76109,358
48045,358
19808,358
27546,358
31312,358
37174,358
49548,358
63147,358
49022,357
53214,357
07020,357
38866,357
83642,356
02127,356
74106,356
92860,356
77586,356
33154,354
00915,354
73162,354
44870,354
90606,354
35473,354
88220,354
80111,354
35803,354
63367,353
17013,353
72764,353
98144,353
24541,353
15108,353
48377,353
35476,353
77062,353
48135,353
43015,352
94102,352
98516,352
34601,352
46220,352
39429,351
90063,351
46217,351
02135,351
71129,351
93710,351
37363,351
79904,351
00921,350
92124,350
75503,350
98409,350
91750,350
35203,350
22026,350
45241,350
11710,349
55369,349
21128,349
64055,349
92130,349
90604,349
28337,349
33710,349
43612,349
45406,348
13208,348
85024,348
32119,348
48229,348
38103,348
37218,348
34785,348
96792,348
84120,348
11361,347
90803,347
10471,347
94063,347
32571,347
60067,347
60655,347
39170,347
11566,346
92027,346
10901,346
10553,346
46409,346
20155,346
91362,345
91791,345
94588,345
32713,345
39202,345
53215,344
80229,344
44055,344
07801,344
55421,344
93637,344
01854,344
77551,343
37203,343
43215,343
27856,343
95382,343
33609,343
85206,343
77833,342
19079,342
34773,342
53144,342
40517,342
92651,341
90023,341
19810,341
31082,341
39074,341
91340,341
92064,341
31316,341
11951,341
66102,341
48314,341
46142,341
33781,340
85139,340
92220,340
94545,340
60561,340
06484,340
30277,340
73114,340
33952,340
91214,339
80018,339
98012,339
01752,339
07042,339
85257,339
29204,338
29556,338
75214,338
40509,338
74014,338
30068,338
28086,338
38108,338
32095,338
33129,338
19809,338
33908,337
32778,337
19454,337
28504,337
28120,337
39339,337
07030,337
55337,337
98036,337
14611,337
36603,337
93305,336
35080,336
34482,336
94546,336
35824,336
35096,336
19015,336
99336,335
60516,335
48917,335
92602,335
19090,335
70115,334
19963,334
92110,334
33966,334
53219,333
32223,333
92701,333
94015,333
48071,333
27292,333
60162,333
08619,333
94134,332
48088,332
90710,332
21046,332
73110,332
95121,332
92831,332
29379,332
60005,332
92243,332
62206,332
75207,331
38117,331
53713,331
94555,331
20814,331
22310,331
29510,331
27889,330
94602,330
33853,330
29829,330
10573,330
32324,330
95116,330
92646,329
34667,329
27203,329
00802,329
00959,329
32534,329
33714,329
90065,329
77058,329
39154,328
85387,328
60154,328
21701,328
22655,327
07652,327
30303,327
85234,327
80019,327
07110,327
91321,327
95354,326
92117,326
93280,326
48202,326
36604,326
90630,326
46311,326
46241,326
92069,325
33716,325
60448,325
60436,325
25801,325
28144,325
20619,325
39066,325
35611,324
53405,324
02186,324
33330,324
18062,324
32504,324
10956,323
60087,323
20170,323
95340,323
90024,323
38732,323
60101,322
23235,322
91740,322
90621,322
27607,322
72114,321
36078,321
53205,321
28383,321
30507,321
75090,321
19611,320
27295,320
63133,319
94610,319
10606,319
80911,319
92501,319
55044,319
44087,319
18360,319
08003,319
27701,319
29369,318
28104,318
61603,318
60565,318
55343,318
34475,318
33782,318
30534,318
94086,318
85048,318
92103,318
12590,318
55428,317
46825,317
17201,317
20164,317
38024,317
20616,317
60076,317
14225,317
48085,317
95991,317
32726,316
48393,316
03102,316
85304,316
75218,316
37027,316
37343,316
63104,315
23805,315
60461,315
95076,315
28412,315
21742,315
35150,314
36105,314
19103,314
28328,314
13090,314
27536,313
29728,313
49503,313
64155,313
98198,312
75751,312
48375,312
07410,312
33592,312
73072,312
32217,312
14624,312
29302,312
34114,311
39203,311
02062,310
14612,310
55408,310
39038,310
78043,310
78132,310
19734,310
01013,310
11215,310
23508,310
11428,310
92807,309
11379,309
61802,309
39069,309
20166,309
97006,309
61704,309
46402,309
60108,309
77563,309
98373,308
85306,308
46835,308
19036,308
78408,308
13210,308
20879,308
21613,308
77713,308
30363,308
32312,308
38858,308
01801,307
29306,307
58103,307
48060,307
44107,307
33967,307
70364,307
92832,307
36111,306
00961,306
95961,306
63021,306
20120,306
20871,306
95742,305
98208,305
71119,305
32779,305
70582,305
85730,305
20111,305
75604,304
91776,304
97007,304
31535,304
91722,304
73159,304
32606,303
98002,303
27403,303
93444,303
92843,303
92260,303
78041,303
94579,302
10024,302
20105,302
19004,302
63110,302
75092,302
08831,302
95901,302
01906,302
21205,302
40220,301
60538,301
07031,301
84070,301
76115,301
24112,301
93455,301
44310,301
08232,301
95695,301
39638,301
32112,301
63101,300
48390,300
45013,300
53221,300
00692,300
46240,300
45246,300
35759,300
92867,300
29170,300
20866,300
64012,300
48307,300
63801,300
07001,299
44095,299
48823,299
45229,299
18302,299
63107,299
91107,299
90277,299
75094,299
17402,298
71602,298
30461,298
91384,298
10075,298
91502,298
97217,298
90808,298
63113,298
60061,298
37208,298
38138,298
73401,298
91746,297
10970,297
04240,297
14580,297
45342,297
92127,297
76182,297
27577,297
55104,296
94132,296
87144,296
11378,296
85710,296
77336,296
29018,296
34293,296
33815,296
44129,296
34972,296
15205,296
08085,295
33542,295
95215,295
87114,295
39553,295
91006,295
43606,295
08052,295
55449,295
23836,295
07731,294
33194,294
98408,294
90266,294
78256,294
34113,294
00736,294
93725,294
34753,294
79413,294
60465,293
99504,293
21227,293
47150,293
40505,293
11561,293
96819,293
28411,292
70734,292
32310,292
91732,292
98503,292
33527,292
49201,292
98405,292
29455,292
91381,292
95240,291
95358,291
08648,291
80237,291
73170,291
02720,291
02122,291
95037,290
92606,290
78701,290
93635,290
19938,290
90278,289
10128,289
92084,289
28801,289
02184,289
36081,289
91792,289
37412,288
60124,288
20901,288
48201,288
89138,288
36110,288
83646,287
45039,287
48423,287
96817,287
39041,287
18101,287
07646,287
60181,287
45405,286
11542,286
55404,286
30116,286
33446,286
72335,286
71446,286
38821,286
61801,286
91103,286
33549,286
07701,286
95128,286
79606,285
63141,285
36703,285
77562,285
60415,285
91737,285
94510,285
91354,285
78752,285
29325,285
46804,285
80602,284
08069,284
11105,284
75141,284
98133,284
35903,284
91106,284
84009,284
23704,284
74136,284
30501,284
80817,283
60505,283
70360,283
94550,283
17050,283
11228,283
91016,283
72022,283
00727,283
48220,282
64118,282
75662,282
85298,282
28403,282
08865,282
29410,282
39440,282
35234,282
12202,281
91748,281
92663,281
39146,281
30360,281
44256,281
13440,281
08832,280
77306,280
77868,280
11693,280
73112,280
64109,280
55112,280
11427,280
95827,279
76247,279
48184,279
98168,279
00646,279
17408,279
94928,279
93245,279
48167,279
28203,278
22309,278
33825,278
60614,278
32405,278
33031,277
28658,277
61265,277
19468,277
21042,276
92373,276
36054,276
36571,276
43035,276
77531,276
08844,276
48067,276
90013,275
29554,275
23605,275
63109,275
20165,275
07663,275
68134,275
77030,275
77619,275
91789,275
31030,274
60706,274
11787,274
45426,274
34231,274
27104,274
46383,274
10005,274
95661,274
36607,274
76135,274
38401,274
32401,274
77901,273
78257,273
11901,273
77701,273
33567,273
78261,273
42240,273
31029,272
11104,272
01826,272
19426,272
78006,272
91030,272
60433,272
48195,272
85704,271
32025,271
38606,271
46902,271
10980,271
08520,271
00698,270
95824,270
70422,270
02026,270
85711,270
34480,270
20012,270
74008,269
44314,269
42101,269
20008,269
31757,269
43130,269
89521,269
61401,269
85003,269
24019,269
91724,269
30306,269
28501,269
60018,268
10003,268
34286,268
30179,268
40515,268
90291,268
94014,268
14626,268
34946,268
29169,268
38611,267
45202,267
44011,267
52804,267
61101,267
06111,267
11040,267
93263,267
55109,267
98466,267
32309,266
37221,266
94609,266
78704,266
78209,266
76126,266
33812,266
00783,266
70002,266
08010,265
92211,265
60004,265
39095,265
89144,265
29936,265
85307,265
55117,265
00969,265
14226,265
61701,265
00985,265
92841,264
90713,264
44512,264
00719,264
93010,264
61761,264
80923,264
28075,264
60060,264
70510,264
77340,264
94025,264
90638,264
28560,264
29477,264
06519,263
30125,263
95301,263
60074,263
27516,263
93703,263
80233,263
70512,263
07724,263
15214,263
28166,263
55433,263
33332,263
02760,262
31558,262
94040,262
98055,262
00674,262
23188,262
29560,262
29201,262
49444,262
20903,262
93021,261
50315,261
48128,261
19804,261
77011,261
95762,261
85050,261
77703,261
39563,261
34481,261
75601,260
06790,260
36203,260
91010,260
11776,260
29102,260
92011,260
80634,259
36532,259
49441,259
76060,259
78073,259
92354,259
95132,259
10308,259
75762,259
55448,259
65807,259
75209,259
80920,259
76201,259
91745,258
02893,258
12533,258
10038,258
45402,258
95628,258
78417,258
72364,258
94403,258
39150,258
79766,258
80906,258
08050,258
70739,257
28270,257
85288,257
98203,257
08837,257
68164,257
85365,257
36744,257
93505,257
48208,257
32548,257
28786,257
12603,257
23661,257
38632,257
39666,257
00738,257
76904,257
76901,257
20912,257
46113,257
35761,256
43609,256
17112,256
39039,256
93555,256
99508,256
08757,256
78405,255
32333,255
10804,255
15216,255
48906,255
92868,255
07675,255
06850,255
94505,255
02139,255
39465,255
39652,255
78212,255
95118,254
89502,254
63017,254
84003,254
48602,254
42104,254
43605,254
75233,254
64015,254
20112,254
15227,254
89143,254
80238,254
95632,253
94539,253
48042,253
38126,253
19335,253
46408,253
41042,253
60077,253
08107,253
61605,253
22485,253
79412,253
20152,253
35773,253
63132,252
60103,252
53140,252
77445,252
22060,252
64083,252
84123,252
29626,252
01107,252
94518,252
94566,251
92028,251
95677,251
28031,251
92604,251
46040,251
14613,251
48152,251
92009,251
55311,251
46321,251
94107,250
32570,250
79603,250
35442,250
31537,250
20136,250
39051,250
29571,250
34135,250
40223,250
70427,250
60172,249
72704,249
71055,249
43201,249
11103,249
01845,249
92886,249
92131,249
02132,249
17113,249
92122,249
60010,249
38901,249
33760,249
71037,249
55432,249
40160,248
92231,248
11426,248
46407,248
41071,248
11741,248
23294,248
60089,248
53220,247
85128,247
46628,247
29180,247
14221,247
50266,247
28170,247
22206,247
22980,247
78148,247
94066,247
92083,246
33917,246
14620,246
40210,246
77437,246
22546,246
53227,246
48080,246
11713,246
29205,246
60467,246
35660,246
75210,246
06811,245
80124,245
90732,245
22315,245
63011,245
49037,245
23229,245
98029,245
37206,245
63120,245
98902,244
34209,244
28384,244
18237,244
78363,244
99352,244
33859,244
37411,244
60102,244
27517,244
07458,244
48103,244
99507,244
10603,244
91345,244
36854,244
77381,243
38703,243
96816,243
94611,243
07506,243
71104,243
31632,243
18966,243
96813,243
76015,243
85716,243
46140,243
71295,242
27377,242
90304,242
94551,242
29307,242
12304,242
34470,242
60189,242
36037,242
31643,242
64014,241
90720,241
70538,241
78557,241
98424,241
08807,241
37127,241
91945,241
77012,241
08882,241
35674,241
34677,241
84107,240
33576,240
19382,240
38122,240
63123,240
34266,240
33903,240
95134,240
33771,240
94115,240
32696,240
76643,240
78759,240
33540,240
46806,240
94043,239
33498,239
10708,239
29010,239
45247,239
64119,239
27518,239
36804,239
67217,238
43040,238
80220,238
31089,238
27712,238
07063,238
12306,238
79930,238
29053,238
12065,238
00923,238
48047,238
48341,238
33850,238
55303,237
95407,237
78214,237
38868,237
22302,237
77656,237
06082,237
29926,237
17331,237
55129,237
72390,237
27301,237
70578,237
87124,237
19966,237
91733,237
32927,237
92227,236
29036,236
92694,236
60403,236
06515,236
36083,236
60126,236
35043,236
32669,236
85713,236
55118,236
14094,236
80922,235
22042,235
85629,235
10805,235
32937,235
55446,234
80526,234
48309,234
73127,234
31793,234
92878,234
10923,234
46204,234
77031,234
34288,234
30567,234
43203,234
17055,234
30290,234
40215,234
94582,234
39301,233
85054,233
80219,233
60008,233
45205,233
40241,233
02472,233
66062,233
70047,232
70090,232
00612,232
19462,232
50023,232
30643,232
33606,232
08361,232
06492,232
19006,232
02324,232
11703,231
65201,231
71913,231
21093,231
84065,231
60140,231
80207,230
93654,230
64082,230
92251,230
34974,230
91208,230
75670,230
21090,230
85208,229
52404,229
06401,229
95341,229
85741,229
30830,229
74055,229
29464,229
44241,229
70819,229
36201,229
73111,229
34669,229
90680,229
36853,228
63125,228
18706,228
72762,228
62223,228
45431,228
36107,228
28805,228
96822,227
58078,227
98661,227
45324,227
48302,227
29678,226
35045,226
90272,226
40601,226
80234,226
22303,226
85747,226
44144,226
34683,225
85258,225
32615,225
23075,225
91711,224
11950,224
27205,224
21286,224
79735,224
18324,224
64106,224
22041,224
48215,224
22311,224
30153,224
08102,224
48217,224
79601,224
01810,224
80221,224
92078,224
77318,224
95133,224
98006,223
64129,223
48084,223
49504,223
98684,223
90755,223
22182,223
98271,223
96815,223
38751,223
92081,222
84116,222
07086,222
27511,222
95242,222
70518,222
60007,222
32233,222
23707,222
02886,222
33898,222
28334,222
92782,221
39531,221
11232,221
17025,221
48226,221
14623,221
66502,221
90211,221
43085,221
28204,221
28645,221
75205,221
93657,221
98004,220
32922,220
64127,220
20854,220
19046,220
20905,220
43065,220
72143,220
78726,220
93647,220
60106,220
03079,220
60174,220
19047,219
34690,219
28602,219
34994,219
80021,219
36360,219
39073,219
29601,219
76501,219
28371,219
11530,219
73115,219
30474,219
31027,219
39507,219
62060,219
60110,219
94553,219
97123,219
06608,218
08055,218
14213,218
00754,218
70053,218
55122,218
89134,218
49009,218
02140,218
97211,218
71483,218
06066,218
90404,217
06360,217
21231,217
52722,217
27312,217
95482,217
91207,217
64081,217
29161,217
20794,217
85757,216
31820,216
85355,216
07607,216
32081,216
65803,216
06033,216
15147,216
76707,216
52803,216
84115,216
89509,216
45140,216
80222,215
44145,215
11747,215
32003,215
34613,215
32501,215
07076,215
93012,215
99208,215
35501,215
04210,215
60171,215
07866,215
34491,215
44056,215
32966,215
39819,214
89048,214
27525,214
00716,214
92024,214
32055,214
92649,214
07735,214
11714,214
94521,214
53202,214
21901,214
60187,213
64086,213
98930,213
90049,213
61104,213
33928,213
66442,213
47905,213
32444,213
43062,213
19958,213
79772,212
30336,212
20016,212
11694,212
31401,212
07603,212
78599,212
71115,212
75251,212
35146,212
28386,212
40212,212
15068,212
15120,212
13204,212
48342,211
55423,211
49512,211
35901,211
72712,211
19355,211
32220,211
73064,211
92277,211
29920,211
24153,211
39540,210
19607,210
07751,210
92688,210
44646,210
54935,210
49506,210
48323,210
29479,210
44092,210
29385,210
14605,210
46033,210
12203,210
90039,210
90248,210
77050,210
19083,210
33412,210
48218,210
12205,210
66215,210
98057,210
39232,210
71334,209
80925,209
27514,209
19460,209
77627,209
19063,209
42223,209
23523,209
31768,209
79119,209
78112,209
08536,209
64132,209
10591,209
60631,209
60534,209
32091,208
39560,208
20175,208
80020,208
34684,208
17406,208
36089,208
71292,208
17315,208
32343,208
27263,208
40475,208
75766,208
95691,208
55076,208
80228,208
28792,208
02816,208
44221,207
00769,207
33703,207
06706,207
95818,207
85120,207
29059,207
92128,207
30187,207
38343,207
45505,207
93905,207
00771,207
21085,207
39743,207
21014,206
43125,206
36104,206
46845,206
70722,206
17102,206
35125,206
02118,206
30828,206
77037,206
72904,206
23702,206
87109,206
77488,206
11946,205
73071,205
73034,205
76110,205
46385,205
32566,205
33483,205
76903,205
28456,205
11968,205
55128,205
59718,205
20191,204
38676,204
70611,204
36027,204
84041,204
44240,204
38008,204
33565,204
21403,204
00680,204
95662,204
76667,204
76022,203
40228,203
60014,203
00603,203
45371,203
34105,203
37312,203
07114,203
44720,203
20121,203
48458,203
80138,203
77372,203
56560,203
92887,203
98837,203
15219,203
10474,203
29078,202
98270,202
57108,202
02188,202
20815,202
22201,202
11572,202
19341,202
35094,202
78731,202
98125,202
02021,202
47714,202
92029,202
01757,202
00623,202
28472,201
55025,201
30720,201
17356,201
98901,201
38826,201
07012,201
46901,201
95304,201
92821,201
53402,201
97233,201
77662,201
60472,201
70775,201
61102,201
30204,200
68516,200
46514,200
15132,200
02889,200
55016,200
27910,200
22802,200
91754,200
17701,200
98372,200
85203,200
13205,200
96753,200
35044,200
67212,200
63106,199
70529,199
39183,199
02721,199
33305,199
60455,199
33037,199
22603,199
88012,199
43205,199
00767,198
06067,198
98371,198
23847,198
39307,198
92675,198
65109,198
50021,198
60404,198
23510,198
33523,198
58601,198
39756,197
35444,197
78750,197
52402,197
14207,197
30701,197
00678,197
34479,197
60163,197
33548,197
85268,197
94122,197
06340,196
48433,196
43055,196
80226,196
30276,196
37918,196
29003,196
85144,196
00660,196
22015,196
29541,196
92037,195
31501,195
90502,195
84118,195
53142,195
07090,195
40356,195
49424,195
32202,195
29520,195
46077,195
31709,195
48108,195
49006,195
80211,195
60185,194
48101,194
55113,194
32097,194
00739,194
55418,194
20224,194
68123,194
60515,194
07604,194
27501,194
62207,193
84054,193
46818,193
34210,193
55379,193
73129,193
93458,193
97005,193
45458,193
48382,193
93636,193
27823,193
19934,193
68801,193
90094,193
90403,193
98178,193
31714,193
01105,193
75172,192
60451,192
98109,192
76087,192
00659,192
31730,192
70647,192
14150,192
44115,192
60555,192
65203,192
48912,192
93737,192
55318,192
07628,191
91301,191
83705,191
36541,191
23875,191
77864,191
36527,191
60194,191
73107,191
91932,191
95404,191
75135,191
80501,191
06110,191
45322,191
78749,191
34275,191
70390,191
00627,190
95673,190
07871,190
48328,190
28092,190
34981,190
46062,190
14617,190
01850,190
02120,190
36856,190
32159,190
91614,190
98116,190
98501,190
97206,190
78064,190
92672,190
29566,190
39114,189
80917,189
73105,189
31503,189
32034,189
35115,189
78584,189
70780,189
70615,189
66048,189
93730,189
92107,188
01089,188
46530,188
70130,188
34602,188
97068,188
35128,188
53718,188
70663,188
23150,188
20853,188
33981,188
28715,188
13203,188
97702,188
23233,188
62220,188
88101,188
11366,188
91755,188
90270,188
33872,187
95401,187
55434,187
55406,187
70006,187
48154,187
80241,187
92808,187
30467,187
93901,187
97402,187
93955,187
83704,187
72703,187
40504,187
85034,186
80216,186
33629,186
60064,186
91803,186
32601,186
31833,186
35406,186
39071,186
06901,186
06418,186
96701,186
70443,186
26505,186
45212,186
37919,185
64068,185
39175,185
45227,185
34654,185
80504,185
27539,185
70087,185
70526,185
98683,185
07869,185
94564,185
97030,184
74066,184
39581,184
97124,184
29450,184
28409,184
73139,184
34287,184
53092,184
38652,184
35633,184
11050,184
55422,184
94044,183
95367,183
11738,183
10583,183
62901,183
35453,183
08629,183
30529,183
93630,183
96003,183
81001,183
23663,183
72103,183
98033,183
85719,183
94061,183
36863,183
60439,183
78102,183
35470,183
23509,183
33838,183
97818,182
39466,182
78264,182
84095,182
95832,182
37830,182
01151,182
36925,182
90603,182
97478,182
77575,182
32407,182
00795,182
44511,182
27596,182
91320,182
38063,181
60657,181
31032,181
23325,181
77904,181
87507,181
78023,181
88011,181
33050,181
35004,181
78040,181
83686,181
23111,181
48043,181
76033,180
07860,180
25414,180
31201,180
12047,180
19012,180
80214,180
44505,180
28043,180
70584,180
34212,180
01701,180
78219,180
15220,180
00851,180
33473,180
53186,179
19002,179
95403,179
29472,179
27890,179
36206,179
10598,179
94087,179
02048,179
44515,179
60503,179
28146,179
30054,179
00687,179
48120,179
48134,179
11953,179
38668,179
70535,178
78576,178
91731,178
91914,178
48209,178
15301,178
97201,178
37921,178
07054,178
36053,178
36460,178
94010,178
92653,178
55414,178
85007,178
75142,178
19014,178
60513,178
43302,178
19380,177
44142,177
45503,177
67203,177
11010,177
01020,177
55403,177
85743,177
10022,177
19608,177
63701,177
95605,177
84790,177
85745,177
35061,176
48324,176
98367,176
34238,176
07080,176
65802,176
38112,176
46516,176
08066,176
33701,176
22645,176
01835,176
38834,176
08723,176
98007,176
12206,176
01904,176
60164,176
29555,176
32934,176
28034,176
44307,176
70669,175
02145,175
10567,175
18020,175
29812,175
46304,175
48230,175
99337,175
36619,175
32563,175
34945,175
12508,175
64114,175
29376,175
36784,175
89061,175
70544,175
64137,175
87031,175
53132,174
91007,174
64801,174
07748,174
22150,174
74011,174
92629,174
38060,174
22180,174
78255,174
15237,174
24018,174
32340,174
10601,174
19001,174
36612,174
39474,174
07039,174
98027,174
98498,174
45102,174
10021,173
23693,173
37067,173
96789,173
37920,173
83687,173
07840,173
39040,173
11577,173
74134,173
28307,173
01085,173
95124,173
07901,173
46231,172
94118,172
78163,172
32820,172
55416,172
95203,172
33839,172
93003,172
70438,172
07204,172
72701,172
59808,172
33778,172
60025,172
14223,172
27278,172
37923,172
79905,172
88310,172
80113,172
80918,172
71463,171
80921,171
92008,171
14206,171
18951,171
17901,171
68127,171
68521,171
02863,171
92603,171
94519,171
94085,171
80209,171
82001,171
38019,171
07643,171
39218,171
34698,171
66223,171
32948,171
62025,171
70778,171
07075,171
48864,171
44067,171
12586,170
92116,170
23838,170
96720,170
48519,170
43017,170
52807,170
94523,170
19118,170
33852,170
28305,170
10541,170
55420,169
55378,169
06830,169
27601,169
67220,169
64063,169
42001,169
49509,169
40165,169
85354,169
39361,169
43082,169
43560,169
14216,169
14208,169
29902,168
53213,168
19968,168
98258,168
91978,168
00772,168
19947,168
49048,168
92065,168
91780,168
77632,168
74110,168
76704,168
39669,168
39422,168
54220,168
48030,168
16601,168
72227,168
39746,167
95117,167
28613,167
10523,167
55125,167
03104,167
08083,167
87110,167
96825,167
92844,167
29945,167
80224,167
18509,167
08048,167
29568,167
84404,167
89431,167
31408,166
84015,166
45459,166
89109,166
53404,166
60304,166
13021,166
35462,166
49418,166
02360,166
32833,166
94530,166
29033,166
97266,166
12110,166
79720,166
60714,166
35750,166
66212,166
70112,165
35801,165
45414,165
53151,165
20169,165
49017,165
45214,165
29540,165
78202,165
01880,165
00703,165
93223,165
93561,165
06825,165
91390,165
00602,165
11023,165
00610,165
08820,165
33763,165
73179,165
70084,165
78114,164
78387,164
82801,164
73008,164
92869,164
29040,164
78404,164
72202,164
77378,164
95746,164
46327,164
73507,164
63119,164
63122,164
64152,164
07657,164
73533,164
44060,163
55417,163
89408,163
23801,163
50158,163
34108,163
17011,163
27863,162
34607,162
18508,162
02115,162
85742,162
70441,162
73142,162
55024,162
93610,162
73130,162
95928,162
01607,162
70380,161
38068,161
83714,161
37160,161
91436,161
79414,161
48327,161
89511,161
45601,161
78746,161
92870,161
75402,161
95138,161
31031,161
15218,160
35640,160
98338,160
47715,160
42301,160
37138,160
93933,160
00784,160
33146,160
44136,160
70037,160
33149,160
47711,160
98105,160
08015,160
00728,160
63139,160
48161,160
91506,160
21784,160
36207,160
59101,160
76559,160
70776,160
70719,160
97086,159
76401,159
95366,159
15401,159
78560,159
96782,159
18064,159
15236,159
67208,159
85635,159
56201,159
32578,159
39452,159
30741,159
80909,159
19933,159
50320,159
39766,159
71254,159
85119,159
80631,158
53188,158
87105,158
97504,158
12208,158
28655,158
39842,158
85259,158
74701,158
27576,158
00917,158
99350,158
67213,158
94131,158
76048,158
28345,158
00730,158
97305,158
96814,158
44203,158
32327,158
76301,157
20623,157
12144,157
79382,157
06801,157
39645,157
01129,157
17976,157
29042,157
45206,157
18976,157
08812,157
48192,157
29142,157
31096,157
11360,157
19610,157
77094,157
19064,157
29481,157
78738,156
46815,156
08876,156
78633,156
35906,156
76118,156
92692,156
34222,156
00676,156
08628,156
33707,156
19438,156
85284,156
99206,156
70116,156
06607,156
34731,156
32968,155
11415,155
75951,155
45036,155
70525,155
06776,155
67226,155
61114,155
83709,155
92673,155
00982,155
29927,155
84057,155
42420,155
87112,155
86004,155
75020,154
73119,154
06905,154
30506,154
91902,154
32344,154
14608,154
85501,154
72405,154
10044,154
79404,154
32640,154
70341,154
07512,154
39631,154
62203,154
98433,154
49036,154
95361,154
40383,154
84058,154
89512,154
60176,153
25419,153
94597,153
46176,153
67214,153
32352,153
44053,153
35447,153
84604,153
55407,153
23113,153
06517,153
98008,153
95776,153
75633,153
80227,153
49505,153
50701,153
53226,153
00641,153
25413,153
07073,153
80108,153
61032,152
44116,152
60958,152
30427,152
06460,152
22902,152
76067,152
98310,152
19054,152
95864,152
70725,152
75125,152
07081,152
91784,152
39482,152
96734,152
60062,152
15601,152
32952,152
93117,152
19960,152
29112,151
31302,151
70563,151
44224,151
84074,151
55427,151
91360,151
46545,151
27028,151
80915,151
61244,151
28551,151
00714,151
18224,150
77807,150
37931,150
21842,150
98908,150
20855,150
24012,150
95814,150
95667,150
22043,150
11762,150
21157,150
28339,149
08093,149
33868,149
32541,149
45415,149
12010,149
22153,149
19003,149
06120,149
93001,149
10065,149
07016,149
53211,149
61008,149
19428,149
72160,149
38849,149
08540,149
32605,149
02911,149
55305,149
36611,148
38501,148
64111,148
84663,148
19094,148
53207,148
03038,148
13088,148
52240,148
18106,148
20141,148
78538,148
97209,148
49316,148
80202,148
96744,148
14214,148
13603,148
36756,148
53051,148
22903,147
91723,147
77484,147
98119,147
08070,147
84088,147
27101,147
17036,147
92586,147
78734,147
11788,147
43220,147
47630,147
07057,147
48150,147
02864,147
70070,147
79110,147
62864,147
47906,147
19072,147
48162,147
76005,147
64151,147
74129,147
89434,147
92679,146
77657,146
62205,146
91921,146
92106,146
08030,146
43701,146
39216,146
98312,146
47401,146
49015,146
37404,146
33761,146
40222,146
64117,146
13760,146
49546,146
60068,145
01118,145
84062,145
18651,145
48073,145
21108,145
20151,145
00683,145
02453,145
97401,145
19044,145
31329,145
72023,145
71753,145
83634,145
83607,145
78721,145
96740,145
68803,144
99344,144
12307,144
90031,144
07004,144
22025,144
22551,144
75941,144
85086,144
94558,144
98072,144
02375,144
27944,144
93203,144
52241,144
08034,144
12303,144
29466,144
13207,144
06052,144
47712,144
41011,143
44319,143
79410,143
23430,143
75455,143
01923,143
20832,143
55376,143
50322,143
76240,143
47129,143
14204,143
36305,143
95032,143
37601,143
03051,143
80203,143
80210,143
93060,143
14850,143
32950,143
97230,142
85253,142
66106,142
06710,142
84032,142
71801,142
02343,142
36265,142
40508,142
45225,142
42003,142
30656,142
14217,142
39750,142
55033,142
23230,142
97220,142
52001,142
60137,142
00685,141
48915,141
54915,141
64110,141
07442,141
45236,141
64128,141
30230,141
30442,141
29492,141
27282,141
33772,141
10960,141
98201,141
66604,141
98229,141
64052,141
45249,140
10018,140
34604,140
63901,140
29940,140
63703,140
98446,140
55107,140
70129,140
70748,140
74115,140
85712,140
36022,140
61111,140
07022,140
45506,140
75652,140
30736,140
79602,140
70092,140
32128,139
74146,139
47403,139
31719,139
60030,139
38651,139
94703,139
63026,139
67801,139
08840,139
46259,138
08805,138
12210,138
98801,138
98230,138
34957,138
92567,138
08009,138
06824,138
94306,138
45103,138
10993,138
74135,138
31636,138
01201,138
06074,138
01545,138
00637,138
19137,138
60661,138
72342,137
00617,137
34788,137
45207,137
39063,137
78801,137
68135,137
01609,137
52405,137
50263,137
31905,137
87123,137
36093,137
64064,137
92274,137
64157,137
31320,137
55306,137
79745,137
60457,137
18510,137
77859,137
46619,136
45385,136
72360,136
39179,136
68022,136
39421,136
01550,136
75225,136
11558,136
55330,136
08077,136
68107,136
80924,136
95054,136
19422,136
48216,136
85028,136
10917,136
38120,135
08759,135
00718,135
03820,135
98597,135
29627,135
75065,135
11751,135
87106,135
08062,135
20190,135
97128,135
95131,135
15208,135
36870,135
75401,135
07070,135
23120,135
01760,135
29048,135
54914,135
29127,135
31774,135
90293,135
80260,135
64050,135
07066,135
34737,135
19945,135
06405,135
27504,134
59901,134
79045,134
68116,134
48015,134
54901,134
97080,134
56301,134
97236,134
75442,134
28023,134
90041,134
68154,134
54302,134
80126,134
60047,134
08108,134
71901,134
44301,134
29574,134
40203,134
89179,134
49519,134
35456,134
71251,134
90067,134
10992,134
46616,133
65301,133
00751,133
33765,133
94572,133
01915,133
48009,133
67219,133
21163,133
15317,133
71701,133
39201,133
21211,133
32127,133
06804,133
76306,133
78732,133
93004,133
19943,133
31301,133
59105,133
19405,133
37415,133
97203,133
55116,133
80027,133
08846,132
32408,132
07430,132
80831,132
15137,132
43551,132
50501,132
94117,132
93101,132
28037,132
46544,132
31791,132
24055,132
45840,132
77328,132
60491,132
60476,132
80246,132
55445,132
70444,132
91361,132
02903,132
35592,132
98115,132
90401,132
80104,132
29206,132
20657,132
57103,132
08037,132
75964,131
29172,131
75803,131
96799,131
34235,131
72212,131
54303,131
48048,131
14227,131
85250,131
39117,131
95060,131
97301,131
65804,131
77461,131
96826,131
60048,131
02038,131
30604,131
29449,131
58701,131
53714,131
72370,131
02467,130
38004,130
33777,130
39160,130
14051,130
76801,130
67216,130
98107,130
89523,130
02478,130
49423,130
14220,130
48170,130
44133,130
23851,130
46517,130
20817,130
78203,130
93015,130
97477,130
35904,130
80516,130
72901,130
08721,130
95620,130
84059,130
11937,129
36551,129
99205,129
35618,129
98226,129
31816,129
23116,129
90670,129
80123,129
80206,129
30635,129
60190,129
68005,129
11024,129
75147,129
77435,129
70586,129
39358,129
98146,129
93422,129
00820,129
48842,129
76234,129
20634,129
55309,128
36732,128
53593,128
32583,128
49001,128
78015,128
02601,128
30747,128
93041,128
79714,128
95014,128
19803,128
64057,128
13905,128
12209,128
46350,128
35091,128
31321,128
33306,128
80525,127
39817,127
79510,127
37311,127
39362,127
77005,127
58703,127
25405,127
00962,127
72046,127
20640,127
19056,127
75022,127
00920,127
71232,127
32459,127
27573,127
98277,127
14604,127
19560,127
84025,127
19956,127
62034,127
38358,127
29620,127
55114,127
21037,126
96755,126
75686,126
75672,126
27344,126
39094,126
60143,126
84121,126
15104,126
90274,126
68122,126
75707,126
01803,126
46614,126
80003,126
43608,126
29135,126
94583,126
08201,126
93631,126
29690,126
78028,126
14618,126
85310,126
16101,126
66216,125
79902,125
70057,125
18914,125
99216,125
36786,125
11795,125
23139,125
44212,125
39345,125
94089,125
70435,125
39740,125
87505,125
60545,125
80524,125
30513,125
01440,125
91775,125
98038,125
84129,125
30666,125
39428,125
98106,124
29576,124
53546,124
44514,124
19106,124
75791,124
02109,124
39119,124
29044,124
45255,124
44705,124
28580,124
48211,124
78656,124
08005,124
19040,124
76049,124
12401,124
97224,124
45245,124
71103,124
31098,123
22508,123
68102,123
24073,123
31315,123
44485,123
02170,123
10307,123
15207,123
90232,123
44012,123
14218,123
37334,123
98662,123
10012,123
64108,123
18040,122
87111,122
57106,122
31064,122
78616,122
70634,122
29842,122
20851,122
32052,122
28088,122
46075,122
53406,122
39776,122
30642,122
55317,122
60606,122
99515,122
98665,122
77801,122
22553,122
60469,122
92865,122
29565,122
16504,122
95129,122
87108,122
15010,122
84401,122
53081,122
98465,122
10543,122
33980,122
94404,122
48168,121
91741,121
85194,121
95973,121
49007,121
66061,121
11793,121
12309,121
90716,121
79029,121
67218,121
32113,121
74464,121
33875,121
61705,120
28804,120
44039,120
02746,120
33521,120
98604,120
75482,120
37172,120
22301,120
32317,120
11731,120
20781,120
44691,120
34637,120
32250,120
97003,120
06906,120
28320,120
27214,120
92706,120
60118,120
71047,120
56303,120
79906,120
22152,120
78757,120
96793,120
98273,120
96002,120
72903,120
90245,120
44903,119
07885,119
76309,119
49426,119
70583,119
37932,119
29918,119
27522,119
73108,119
43240,119
90021,119
39145,119
07088,119
32413,119
68046,119
19806,119
02745,119
39571,119
84660,119
39574,119
16801,119
22664,118
80550,118
97045,118
38646,118
70124,118
55435,118
08904,118
53562,118
77046,118
29907,118
75704,118
33472,118
35014,118
95357,118
21078,118
08518,118
82009,118
92310,117
88081,117
71459,117
20015,117
71269,117
79072,117
35222,117
39443,117
99703,117
55021,117
17512,117
81007,117
29697,117
40243,117
50317,117
44321,117
94401,117
13850,117
98011,117
90701,117
77422,117
27574,116
62801,116
53233,116
10512,116
37620,116
15217,116
75654,116
97222,116
98037,116
73701,116
84106,116
29860,116
49534,116
60083,116
74145,116
48430,116
78642,116
45223,116
75705,116
99502,116
11752,116
80031,115
44484,115
76642,115
48051,115
49202,115
84084,115
24016,115
60035,115
02215,115
63044,115
31042,115
08722,115
61350,115
50131,115
36079,115
71322,115
35481,115
89503,115
92657,115
47201,115
93543,115
10605,115
46816,114
70546,114
44070,114
80537,114
54956,114
59405,114
07928,114
97223,114
83814,114
12771,114
52317,114
27288,114
76148,114
15061,114
00801,114
55316,114
11557,114
26003,114
94402,114
00766,114
96761,114
02171,114
74137,113
48122,113
13224,113
31023,113
31523,113
88001,113
31063,113
19962,113
48025,113
12189,113
08004,113
92408,113
70715,113
95135,113
20710,113
03062,113
98103,113
27370,113
86314,113
73084,113
30434,113
37659,113
55068,112
07072,112
33449,112
66605,112
55130,112
53228,112
77510,112
98407,112
86442,112
22172,112
15122,112
79935,112
85361,112
80023,112
53705,112
92284,112
32124,112
55426,112
77541,112
34202,112
27045,111
70591,111
90010,111
94952,111
93035,111
04103,111
76086,111
35114,111
44114,111
70447,111
38824,111
10028,111
05401,111
98513,111
12020,111
98422,111
18049,111
28036,111
97501,111
06518,111
65721,111
50265,111
01606,111
80127,111
51501,111
29128,111
28732,111
76103,111
76085,111
28513,111
00757,111
73003,111
33774,111
10010,110
38774,110
75173,110
27828,110
88063,110
00677,110
18640,110
95811,110
99354,110
00971,110
46526,110
84780,110
93454,110
78566,110
27563,110
12721,110
71019,110
60015,110
45420,110
53090,110
49428,110
70086,110
47374,109
85012,109
90740,109
72104,109
71040,109
21853,109
99701,109
08079,109
62090,109
00723,109
31028,109
68502,109
30220,109
39475,109
17202,109
75638,109
22101,109
12701,109
27051,109
45042,109
94127,109
00912,109
07645,109
98108,109
02914,109
60177,109
48306,109
00773,109
60546,109
08087,109
28574,108
06489,108
95616,108
31545,108
95812,108
97015,108
30079,108
84093,108
08830,108
34110,108
61126,108
72142,108
74006,108
79088,108
07310,108
98026,108
07505,108
06473,108
45005,108
01867,108
38829,108
93286,107
39530,107
23692,107
98117,107
44127,107
72956,107
07067,107
53703,107
11961,107
31554,107
34990,107
23114,107
77547,107
98126,107
71101,107
84117,107
48603,107
76078,107
32953,107
40207,107
80603,107
11096,107
79336,107
73109,107
11501,107
22656,107
98366,107
70783,106
19348,106
60542,106
49002,106
77434,106
66208,106
55431,106
32204,106
01887,106
34237,106
66226,106
02351,106
60046,106
48082,106
30002,106
93221,106
48026,106
53143,106
44138,106
85641,106
43528,106
73501,106
16602,106
98951,106
45416,106
08886,105
61115,105
27822,105
41017,105
61073,105
95966,105
81004,105
27571,105
49014,105
70051,105
12302,105
18014,105
93446,105
06032,105
35960,105
78644,105
48105,105
02723,105
08835,105
21601,105
80907,105
37341,105
02852,105
02554,105
37912,105
46373,105
21663,105
02152,105
75835,104
95110,104
00960,104
55904,104
43137,104
47303,104
53172,104
06880,104
14120,104
14622,104
75166,104
85132,104
66213,104
94070,104
22724,104
11545,104
32110,104
27891,104
28433,104
84770,104
19087,104
39735,104
33873,104
78620,104
54301,104
67846,103
29070,103
76310,103
37814,103
24401,103
66614,103
15211,103
08065,103
79911,103
37110,103
77554,103
21502,103
88030,103
14209,103
61866,103
01001,103
49525,103
30607,103
85083,103
31014,103
72745,103
98406,103
31308,103
85363,103
77808,103
36451,103
17801,103
31901,103
74063,103
92342,103
46278,103
35443,102
01876,102
27830,102
00624,102
78645,102
39663,102
19078,102
90265,102
28431,102
47904,102
29069,102
19107,102
29429,102
00782,102
76528,102
80130,102
02840,102
19609,102
98223,102
32424,102
44202,102
00823,102
69101,102
75862,102
35178,102
18634,102
67205,102
78016,102
29645,102
36426,102
19127,102
80538,102
15213,102
68105,102
30439,101
98642,101
68601,101
21015,101
79756,101
53022,101
63117,101
02134,101
30650,101
94542,101
18372,101
90623,101
39657,101
75223,101
40514,101
39823,101
00720,101
99349,101
29835,101
40213,101
14086,101
00850,101
00601,101
97303,101
07069,101
00936,100
36040,100
02346,100
45150,100
08031,100
32234,100
94702,100
83616,100
07920,100
00638,100
53189,100
44281,100
11767,100
39744,100
48708,100
44236,100
97882,100
60501,100
84128,100
70392,100
65101,100
16502,100
54313,99
31078,99
01824,99
14607,99
66027,99
02141,99
71049,99
76164,99
28470,99
30374,99
44303,99
72396,99
10013,99
17015,99
14301,99
97140,99
45801,99
34240,99
97070,99
29569,99
27408,99
94114,98
84101,98
55014,98
25425,98
71449,98
78052,98
79104,98
37210,98
98311,98
49024,98
55075,98
12524,98
29323,98
15025,98
36553,98
93401,98
92264,98
20769,98
45244,98
80902,98
68152,98
48095,98
39520,98
98166,98
84078,98
07059,98
98121,98
63010,98
34614,98
98632,98
29670,97
79836,97
48473,97
97060,97
98248,97
95334,97
79364,97
94030,97
61068,97
47250,97
10930,97
60482,97
30705,97
06062,97
35555,97
01901,97
08512,97
45217,97
03101,97
55425,97
30234,97
28174,96
00705,96
33773,96
28016,96
34233,96
66101,96
12204,96
55123,96
98104,96
46184,96
98290,96
18944,96
29669,96
50310,96
02176,96
14043,96
60178,96
75103,96
08869,96
78737,96
44601,96
70445,96
18964,96
66210,96
44502,96
44446,96
11791,96
62959,95
77625,95
32766,95
28610,95
00682,95
46016,95
55442,95
98802,95
28532,95
30445,95
01930,95
43221,95
47283,95
08091,95
94108,95
72713,95
38105,95
11362,95
03064,95
70757,95
29817,95
07670,95
78705,95
07005,95
75570,95
01863,95
84097,95
36560,95
45219,95
07834,95
93648,95
11518,95
01002,95
92625,95
32730,95
44266,94
40206,94
00840,94
19057,94
38664,94
76661,94
71639,94
36003,94
78065,94
31052,94
46819,94
17948,94
80528,94
33982,94
38620,94
02451,94
13601,94
15642,94
07450,94
27589,94
28429,94
30808,94
99705,94
02664,94
85331,94
43604,94
08045,94
47274,94
55405,93
31771,93
94552,93
77486,93
25177,93
39168,93
80110,93
98520,93
79015,93
23970,93
98948,93
67206,93
57078,93
36567,93
50014,93
35490,93
76258,93
48165,93
84341,93
22305,93
13790,93
45315,93
92624,93
97756,93
70555,93
15239,93
01569,93
71282,93
64804,93
40208,93
76031,93
77979,93
77402,93
36522,93
79549,93
30814,92
07606,92
80927,92
51104,92
60195,92
89447,92
06088,92
37604,92
14420,92
10579,92
48642,92
19022,92
46163,92
20732,92
37410,92
93960,92
70730,92
01056,92
88007,92
01778,92
78595,92
93405,92
68130,92
30401,92
92118,92
30006,92
08823,92
11598,92
04101,92
32080,92
92252,92
75961,92
89406,92
79356,91
88008,91
60050,91
37323,91
65583,91
03801,91
14534,91
30173,91
10918,91
30183,91
40391,91
37914,91
45805,91
23009,91
88260,91
32162,91
30577,91
72110,91
74112,91
97035,91
15224,91
29487,91
55101,91
85378,91
40065,91
29353,91
06070,91
30553,91
45242,91
07661,91
04106,91
97306,91
02906,91
31203,91
18080,91
80122,91
61920,91
50588,91
95501,91
07079,91
89433,91
98402,91
93301,90
52601,90
92356,90
71417,90
60192,90
08059,90
27249,90
43311,90
21811,90
19551,90
78225,90
60053,90
08057,90
46131,90
35180,90
74107,90
74132,90
77612,90
53105,90
12866,90
00656,90
66112,90
55304,90
15701,90
55447,90
20712,90
17078,90
22207,90
21771,90
82901,89
49221,89
48640,89
48166,89
35653,89
31822,89
48329,89
77059,89
95492,89
27807,89
19096,89
83815,89
90814,89
32118,89
74127,89
14701,89
15202,89
11021,89
02474,89
14904,89
95603,89
12308,89
36482,89
02116,89
37216,89
28457,89
68701,89
40047,89
97062,89
98418,89
01821,88
78204,88
37660,88
34433,88
02114,88
00970,88
50316,88
97701,88
33480,88
70466,88
60464,88
29148,88
48130,88
85215,88
35151,88
48858,88
80903,88
84094,88
32754,88
48348,88
43103,88
72086,88
44311,88
80701,88
89701,88
40121,88
25387,87
36274,87
10528,87
01890,87
36720,87
29570,87
18940,87
91901,87
07662,87
29572,87
37922,87
31068,87
33983,87
27962,87
03087,87
32024,87
39338,87
14305,87
95713,87
70723,87
84010,87
76044,87
54601,87
75801,87
53158,87
30217,87
07626,86
01570,86
55438,86
25427,86
79908,86
39846,86
22443,86
71655,86
95682,86
35233,86
75603,86
45804,86
76302,86
98935,86
22032,86
98321,86
97338,86
28139,86
33046,86
97214,86
83440,86
38850,86
76574,86
35117,86
68110,86
93510,86
15226,86
28539,86
70071,85
97527,85
64093,85
80403,85
30216,85
29448,85
41056,85
30833,85
39189,85
77480,85
90254,85
08822,85
37862,85
15003,85
44302,85
40205,85
41051,85
45213,85
24014,85
31808,85
79903,85
79316,85
20659,85
39840,85
14201,85
79329,85
44708,85
32798,85
42134,85
35213,85
33513,85
21787,85
28543,85
00907,85
28681,85
73117,85
45204,85
35672,85
45216,85
27317,85
38039,85
39654,85
91935,85
35055,85
94559,85
37090,85
07734,85
85653,85
52403,85
04401,84
14224,84
60301,84
07064,84
40361,84
98296,84
39169,84
06037,84
38344,84
53110,84
22203,84
28357,84
60020,84
32060,84
10014,84
77474,84
35504,84
24551,84
89005,84
80401,84
11949,84
15204,84
76308,84
93907,84
91011,84
39439,84
71263,84
46802,84
94121,84
98383,84
21074,84
98028,84
29055,84
45230,84
44721,83
36401,83
92313,83
97520,83
43214,83
94704,83
79415,83
19055,83
27892,83
24151,83
07014,83
60131,83
92119,83
33843,83
90077,83
21146,83
00650,83
28682,83
31620,83
18334,83
66204,83
95315,83
30533,83
98685,83
02536,83
45220,83
44278,83
85750,83
23168,83
80232,83
61616,83
84040,83
71654,83
02129,83
91105,83
78069,83
63016,83
12589,82
17522,82
40118,82
84037,82
42303,82
48346,82
26501,82
37615,82
46947,82
18252,82
07746,82
98005,82
33478,82
19076,82
18032,82
65251,82
55413,82
38028,82
31568,82
24739,82
38666,82
92276,82
32332,82
60418,82
68112,82
48081,82
33310,82
23219,82
62062,82
37777,82
95120,82
76520,82
29130,82
66103,81
45152,81
76655,81
20007,81
08505,81
03301,81
74128,81
07950,81
54304,81
21012,81
38921,81
98155,81
92552,81
00780,81
78390,81
22657,81
76092,81
94123,81
99223,81
97008,81
08852,81
94710,81
18031,81
63379,81
29909,81
35116,81
68124,81
77565,81
95388,81
32903,81
95945,81
96708,81
60002,81
79103,81
75709,81
98664,80
33158,80
67211,80
64116,80
20124,80
02382,80
67901,80
46750,80
52302,80
46803,80
08084,80
39845,80
41015,80
85131,80
74105,80
22968,80
83854,80
60442,80
33954,80
38201,80
55126,80
99501,80
37803,80
78409,80
71343,80
47025,80
38464,80
43537,80
33950,80
95926,80
98272,80
70471,80
33493,80
83669,80
50111,80
10549,79
47302,79
93212,79
97232,79
94571,79
22911,79
46953,79
15145,79
70777,79
33708,79
51401,79
81504,79
78942,79
71857,79
06437,79
47713,79
10926,79
08801,79
32653,79
94116,79
59601,79
06109,79
77417,79
07009,79
19102,79
71350,79
31036,79
67067,79
37804,79
94903,79
66203,79
97601,79
83201,79
28586,79
40004,79
45449,79
37801,79
19707,79
74501,79
02865,79
01907,78
70359,78
92371,78
66224,78
40175,78
78722,78
79562,78
92254,78
92587,78
36919,78
21716,78
18037,78
99224,78
77331,78
73069,78
36350,78
29585,78
83813,78
31033,78
29924,78
66801,78
93250,78
56347,78
64056,78
31801,78
16066,78
81008,78
80026,78
10928,78
16510,78
36769,78
36907,78
36268,77
50401,77
19540,77
56001,77
71355,77
55110,77
78372,77
61301,77
60142,77
23093,77
21054,77
48304,77
97302,77
27882,77
68132,77
08049,77
77879,77
45209,77
39111,77
67204,77
02452,77
43402,77
85714,77
21791,77
11730,77
55372,77
33197,77
98686,77
10530,77
60051,77
60558,77
38242,77
98112,77
97330,77
39342,77
53545,77
17870,77
78121,77
08068,76
11768,76
14127,76
02842,76
27883,76
62656,76
28443,76
30540,76
39346,76
55344,76
52732,76
94549,76
72472,76
27983,76
44709,76
78703,76
44483,76
87401,76
41018,76
91020,76
94002,76
74074,76
18436,76
26508,76
36726,76
11764,76
32776,76
11004,76
61282,76
01749,76
60410,76
97219,76
37135,76
61571,76
55902,76
29944,76
45410,76
75551,76
37069,75
29575,75
77485,75
01028,75
46613,75
94954,75
40502,75
45248,75
65810,75
11560,75
85718,75
02043,75
73703,75
13206,75
36877,75
37303,75
98626,75
79070,75
97321,75
25401,75
60012,75
01608,75
32456,75
75756,75
68506,75
78612,75
31044,75
24592,75
55441,75
73134,75
35085,75
35073,75
02189,75
78407,74
00667,74
16506,74
12901,74
84601,74
75222,74
78751,74
85351,74
80620,74
30646,74
07719,74
00979,74
37215,74
28530,74
31323,74
02359,74
55437,74
11955,74
23901,74
43616,74
21226,74
06117,74
70394,74
92610,74
34102,74
36521,74
89158,74
96001,74
41091,74
29080,74
02210,74
29458,74
53177,74
76008,74
70514,73
94947,73
21875,73
53589,73
92372,73
37205,73
20678,73
66047,73
84075,73
68503,73
84111,73
10990,73
02144,73
99004,73
02138,73
92835,73
92241,73
75972,73
28398,73
60510,73
32187,73
55792,73
75647,73
30143,73
30417,73
60964,73
34239,73
98362,73
39633,73
80004,73
23314,73
80521,73
19946,73
80223,73
25403,73
98199,73
18210,73
98177,73
77362,73
00952,73
97317,73
28392,73
67037,73
77010,72
98102,72
68144,72
44004,72
79508,72
81005,72
07078,72
21210,72
21826,72
76384,72
35652,72
31790,72
45344,72
77518,72
93728,72
78248,72
75706,72
55415,72
52245,72
36467,72
99207,72
78580,72
47304,72
38618,72
95368,72
77358,72
48182,72
75155,72
68510,72
08088,72
58102,72
41005,72
23665,72
07417,71
55060,71
39851,71
00688,71
32686,71
97213,71
70121,71
43913,71
75169,71
08550,71
14513,71
98101,71
16803,71
98390,71
34291,71
29437,71
78401,71
11740,71
93433,71
63501,71
54130,71
00918,71
65536,71
07932,71
70446,71
37321,71
11559,71
44685,71
11778,71
06226,71
40342,71
75708,71
83713,71
98512,70
10464,70
53527,70
30292,70
75143,70
44149,70
46637,70
90040,70
83338,70
07805,70
48867,70
31092,70
11766,70
02322,70
15110,70
34685,70
06084,70
64836,70
24590,70
49307,70
02180,70
55347,70
74126,70
38865,70
34488,70
10522,70
29525,70
11803,70
03054,70
58201,70
49120,70
75657,70
16121,70
07436,70
75754,70
76354,70
93105,70
86001,70
95817,70
57104,69
07033,69
17815,69
73036,69
15106,69
79313,69
45429,69
02035,69
66611,69
27557,69
07006,69
45243,69
39079,69
58504,69
98275,69
35967,69
25420,69
75076,69
35646,69
74401,69
45662,69
20180,69
77597,69
80919,69
38965,69
63102,69
02190,69
29583,69
38139,69
28323,69
76034,69
93247,69
78215,69
48855,69
55906,69
39191,69
39641,69
62204,69
54311,69
37228,69
60447,69
34434,69
10589,69
54016,69
07922,69
61364,69
49686,69
95113,69
81601,69
71351,68
83301,68
80503,68
61554,68
96778,68
98532,68
94941,68
00803,68
03076,68
27871,68
54911,68
87107,68
02052,68
39470,68
71001,68
44509,68
78009,68
36782,68
36544,68
43610,68
70721,68
60401,68
50702,68
80125,68
11568,68
08742,68
39437,68
33762,68
07058,68
85349,68
14450,68
38049,68
46807,68
66209,68
33955,68
79835,68
08078,68
72501,68
55105,67
28739,67
20132,67
34956,67
13212,67
53005,67
83401,67
18076,67
00731,67
08215,67
20722,67
74021,67
85648,67
60514,67
07856,67
29436,67
06907,67
10984,67
80129,67
36862,67
63128,67
92010,67
74403,67
29168,67
36322,67
60712,67
35135,67
75457,67
80534,67
35475,67
60136,67
64105,67
02632,67
64029,67
02724,67
00901,67
11702,67
78061,67
02143,67
37917,66
79363,66
48094,66
39769,66
31779,66
35976,66
93950,66
12566,66
37876,66
42071,66
45050,66
41139,66
94901,66
31055,66
22307,66
14075,66
94526,66
52501,66
02379,66
91109,66
77465,66
98671,66
71110,66
39751,66
29138,66
58474,66
32409,66
46615,66
68128,66
72751,66
75925,66
70052,66
99506,66
61455,66
37701,66
15074,66
38915,66
37934,66
94133,66
16335,66
17543,66
29356,66
40202,66
92320,66
19440,66
18346,66
99353,66
06468,66
18901,66
79563,65
06855,65
70448,65
75757,65
75144,65
78725,65
46303,65
33876,65
50703,65
84651,65
83605,65
48444,65
26554,65
11777,65
27544,65
56377,65
95949,65
50309,65
68114,65
28163,65
70049,65
22960,65
38967,65
21851,65
36016,65
36420,65
00977,65
93721,65
60646,65
53203,65
02465,65
70005,65
13069,65
58554,65
62522,65
92548,65
08554,65
94065,65
38642,65
25430,65
97132,65
31805,65
27023,65
97024,65
92121,64
82007,64
95959,64
20755,64
94506,64
78945,64
43452,64
25306,64
28315,64
68136,64
60526,64
79065,64
07462,64
75765,64
10163,64
07940,64
29351,64
39140,64
44425,64
28752,64
66030,64
36075,64
68137,64
18067,64
30133,64
32245,64
34446,64
61938,64
78559,64
88242,64
31519,64
75053,64
80109,64
70075,64
24201,64
19010,64
22209,64
14514,64
32145,64
60134,64
06001,64
39322,64
10607,64
39144,64
25701,64
78226,64
38961,64
97471,64
02921,63
00966,63
33948,63
73054,63
08106,63
51503,63
00821,63
23690,63
97526,63
73020,63
48843,63
27040,63
30628,63
67278,63
11514,63
24504,63
00707,63
07843,63
35034,63
64154,63
29702,63
28103,63
71373,63
47111,63
62301,63
79731,63
75773,63
31639,63
01532,63
15902,63
53066,63
47408,63
46808,63
29178,63
29125,63
96795,63
37091,63
38862,63
98225,63
44406,63
45440,63
49056,63
36765,63
44706,63
30222,63
78370,62
43611,62
04074,62
11749,62
10924,62
63105,62
27569,62
84403,62
91108,62
75965,62
38879,62
76266,62
95476,62
34442,62
06096,62
29432,62
86406,62
32460,62
01886,62
76058,62
28787,62
60045,62
84405,62
39328,62
04092,62
57110,62
92359,62
29824,62
36572,62
53717,62
01510,62
32064,62
02446,62
89085,62
30683,62
75840,62
11783,62
07721,62
25309,62
60088,62
36542,62
73128,61
34241,61
80236,61
11932,61
27932,61
95531,61
33408,61
08071,61
30453,61
80128,61
78266,61
70039,61
11725,61
32082,61
07828,61
46805,61
72761,61
17851,61
80302,61
33043,61
55102,61
21235,61
97420,61
38828,61
02718,61
32931,61
27821,61
21774,61
43031,61
05494,61
02891,61
44223,61
66085,61
18610,61
57701,61
80905,61
66219,61
48193,61
38941,61
22520,61
39629,61
45252,61
44024,61
75474,61
15022,60
16509,60
21643,60
14610,60
95963,60
29832,60
29039,60
45504,60
76050,60
20639,60
39815,60
76657,60
40701,60
39149,60
99320,60
03063,60
70761,60
07882,60
19317,60
44001,60
39426,60
29693,60
75158,60
32131,60
37924,60
45403,60
96150,60
88203,60
54115,60
08061,60
28164,60
73018,60
72207,60
72802,60
40359,60
01075,60
74017,60
31811,60
06098,60
34453,60
36748,60
29160,60
85539,59
75752,59
14425,59
19952,59
76539,59
72450,59
63362,59
94105,59
32439,59
07421,59
28464,59
27608,59
21704,59
75495,59
47305,59
36010,59
55419,59
39562,59
78026,59
80304,59
48301,59
76711,59
39355,59
35072,59
71822,59
35950,59
02744,59
14467,59
79849,59
71638,59
48420,59
01562,59
89445,58
13041,58
32716,58
13904,58
38916,58
19940,58
08244,58
22640,58
06795,58
30415,58
36320,58
27030,58
94019,58
07034,58
29805,58
02915,58
55987,58
80439,58
48854,58
68106,58
45065,58
33042,58
53027,58
84321,58
17034,58
14210,58
58503,58
48160,58
39747,58
29851,58
35459,58
30473,58
77957,58
37010,58
42431,58
29547,58
31716,58
31513,58
97218,58
78002,58
48072,58
65714,58
78263,58
98531,58
17325,58
33912,58
73122,58
31410,58
66049,58
48529,58
67337,58
10920,58
64124,58
33022,57
95202,57
06103,57
74075,57
22625,57
18407,57
39423,57
10987,57
39653,57
02537,57
35953,57
88005,57
24523,57
32163,57
48706,57
38506,57
28369,57
54401,57
70470,57
66044,57
63028,57
37148,57
44883,57
75645,57
18055,57
97405,57
86426,57
47710,57
38029,57
30728,57
60097,57
89020,57
28461,57
06268,57
13027,57
15062,57
26301,57
32735,57
02067,57
37055,57
44907,57
40741,57
21029,57
73116,57
38631,57
89801,57
84721,57
71858,57
70659,57
32618,57
48178,57
39044,57
07480,57
18322,56
34103,56
80908,56
55436,56
83716,56
27958,56
17552,56
45439,56
18330,56
75785,56
60480,56
45377,56
28444,56
81501,56
18447,56
45067,56
63640,56
27510,56
41014,56
75182,56
46052,56
89105,56
68505,56
31634,56
71326,56
80230,56
57107,56
32203,56
98502,56
44333,56
95130,56
00785,56
42262,56
55444,56
83406,56
91377,56
43113,56
21158,56
85621,56
73118,56
55374,56
97210,56
43623,56
24060,56
78735,56
77995,56
28080,56
37721,55
74804,55
37379,55
39630,55
37355,55
96768,55
65616,55
37849,55
93103,55
98360,55
28785,55
44057,55
37915,55
78382,55
47803,55
32141,55
71353,55
30061,55
44405,55
44420,55
59102,55
30178,55
70452,55
17954,55
36776,55
75247,55
98354,55
67401,55
53716,55
74015,55
70711,55
02879,55
16057,55
16105,55
35466,55
08312,55
93463,55
78152,55
99505,55
35136,55
29809,55
65584,55
89033,55
99577,55
43217,55
20181,55
00913,55
32448,55
29475,55
45030,55
42103,55
32148,55
67210,54
61846,54
20604,54
17268,54
49004,54
30036,54
53083,54
54703,54
37716,54
21162,54
17067,54
00919,54
29332,54
33539,54
02093,54
60112,54
49341,54
98660,54
56304,54
55345,54
01581,54
08343,54
70372,54
71378,54
73106,54
27592,54
39668,54
53095,54
08690,54
80002,54
48001,54
29582,54
96732,54
14468,54
77651,54
97113,54
65473,54
48386,54
90058,54
27326,54
23664,54
13901,54
76446,54
30421,54
77665,54
67114,54
18011,54
33887,53
28107,53
85748,53
11742,53
97013,53
28021,53
28630,53
37204,53
94598,53
20637,53
95503,53
00717,53
80549,53
97304,53
29163,53
94158,53
05036,53
44438,53
07836,53
36908,53
34236,53
94965,53
39661,53
65401,53
59801,53
46528,53
00726,53
84109,53
14020,53
22560,53
78236,53
08731,53
34465,53
46394,53
38665,53
00909,53
80301,53
49417,53
75956,53
01540,53
29590,53
32134,53
45419,53
93424,53
55301,53
07874,53
60456,53
62232,53
35078,52
45177,52
44805,52
97212,52
38372,52
97202,52
11596,52
80904,52
20895,52
38922,52
95626,52
76230,52
84103,52
62629,52
80120,52
46721,52
78336,52
28748,52
52761,52
84606,52
01082,52
00792,52
18518,52
46064,52
78611,52
76567,52
07733,52
75418,52
28333,52
29152,52
31804,52
43140,52
95062,52
33597,52
33243,52
98022,52
22044,52
12540,52
38771,52
78231,52
54729,52
55912,52
23061,52
00616,52
99709,52
60013,52
87035,52
38382,52
33877,52
31803,52
83706,52
44647,52
39567,51
98607,51
29709,51
19473,51
98370,51
73089,51
58784,51
60463,51
16001,51
62258,51
95618,51
11980,51
97754,51
28445,51
45404,51
76571,51
81503,51
06478,51
70032,51
06784,51
36584,51
07419,51
54913,51
78017,51
94130,51
97207,51
32814,51
00954,51
35121,51
98439,51
78861,51
36742,51
37909,51
33827,51
12754,51
37188,51
17070,51
02332,51
11963,51
21035,51
38058,51
38011,51
24740,51
60523,51
53235,51
02767,51
00735,51
57702,51
64156,51
19508,51
19971,51
36323,51
49224,51
72201,51
93675,51
50314,50
40422,50
32011,50
98075,50
60093,50
32189,50
08318,50
26537,50
46561,50
29075,50
53072,50
59715,50
71456,50
84102,50
74036,50
00670,50
14559,50
80033,50
28518,50
31645,50
72355,50
18036,50
29384,50
18643,50
08620,50
29856,50
28365,50
34436,50
98043,50
49321,50
44904,50
84104,50
26330,50
61606,50
13202,50
29113,50
27864,50
29032,50
35051,50
14072,50
99654,50
49938,50
36029,50
37189,50
20186,50
77269,50
72366,50
68522,50
39455,50
77611,50
32428,50
08022,50
32323,50
29810,50
30673,50
36043,50
75758,50
11933,50
75926,50
74801,50
83835,50
95819,50
57069,49
43222,49
79922,49
50125,49
74429,49
66762,49
23890,49
54660,49
80132,49
14304,49
68138,49
98403,49
71486,49
73044,49
79007,49
18328,49
70455,49
91785,49
27524,49
75313,49
32628,49
78652,49
93622,49
30531,49
28097,49
40503,49
50220,49
30662,49
29015,49
31022,49
77836,49
80543,49
36345,49
98382,49
29827,49
31091,49
39365,49
68108,49
15071,48
30325,48
46601,48
29630,48
58501,48
62249,48
28385,48
62035,48
43512,48
28726,48
47933,48
98327,48
92866,48
73301,48
39755,48
47203,48
18641,48
83651,48
98903,48
28754,48
34420,48
25438,48
03053,48
53913,48
01952,48
72058,48
50312,48
29726,48
02888,48
47362,48
32920,48
17043,48
24572,48
39096,48
37046,48
32212,48
97225,48
79373,48
22503,48
00765,48
10006,48
93701,48
12534,48
12182,48
94920,48
31303,48
60044,48
33077,48
10803,48
07757,48
19533,48
60699,48
49464,48
01940,48
45331,48
78133,47
55362,47
35172,47
00664,47
40108,47
79607,47
94705,47
23117,47
39565,47
35614,47
76448,47
78676,47
76645,47
94805,47
47802,47
06410,47
32666,47
29718,47
98292,47
29563,47
17033,47
86401,47
55401,47
70668,47
23662,47
15650,47
18255,47
17547,47
50009,47
90290,47
22727,47
32063,47
92082,47
22046,47
65233,47
50313,47
76273,47
34756,47
70031,47
66046,47
37388,47
20187,47
29593,47
02370,47
71006,47
91376,47
75246,47
26719,47
07605,47
49008,47
79323,47
35480,47
99163,47
47591,47
23950,47
71346,47
29330,47
23005,46
60412,46
68504,46
61241,46
97071,46
44857,46
90251,46
33841,46
32176,46
18603,46
21769,46
77588,46
28778,46
17313,46
29518,46
93591,46
85752,46
63052,46
95360,46
27855,46
12019,46
28356,46
08880,46
37408,46
78669,46
34452,46
74037,46
22963,46
36475,46
64150,46
99037,46
92352,46
28387,46
38057,46
97267,46
07739,46
00704,46
63025,46
38619,46
39360,46
98074,46
19333,46
15112,46
93940,46
91729,46
72065,46
85546,46
17866,46
28697,46
32542,46
19033,46
48173,46
30356,46
15203,46
77383,46
48442,46
49240,46
79901,46
44811,46
21409,46
92329,46
17044,46
63143,46
44504,46
23124,46
22580,46
11789,46
32238,46
44023,46
29596,46
39086,46
06477,46
65270,46
31815,46
07440,46
10007,46
27025,46
97404,46
88021,46
79235,46
37402,46
31331,46
76450,45
42066,45
32643,45
93625,45
36904,45
24701,45
91365,45
14202,45
10004,45
46755,45
19525,45
30293,45
43212,45
92401,45
66111,45
44131,45
16148,45
16503,45
95066,45
63088,45
19008,45
39159,45
15135,45
55042,45
40242,45
18353,45
13903,45
78657,45
99202,45
86326,45
46970,45
04281,45
11733,45
94623,45
99212,45
28098,45
62650,45
55127,45
48371,45
71405,45
15057,45
75939,45
32736,45
13031,45
81650,45
66202,45
77410,45
62707,45
30321,45
37743,45
35616,45
22576,45
35042,45
10604,45
83404,45
50010,45
75860,45
93465,45
30025,45
10965,45
98021,44
77313,44
87740,44
15133,44
02081,44
08089,44
53532,44
74820,44
55313,44
34484,44
12518,44
39176,44
78711,44
46013,44
97239,44
18701,44
92075,44
18428,44
00911,44
61443,44
77704,44
35954,44
36272,44
22181,44
12790,44
71667,44
87508,44
28349,44
54902,44
08608,44
97205,44
84098,44
12211,44
21562,44
89060,44
30048,44
77905,44
75935,44
19342,44
46725,44
29146,44
65738,44
78756,44
05403,44
18337,44
63090,44
71635,44
50124,44
11716,44
23930,44
24586,44
35643,44
29684,44
78208,44
01720,44
47804,44
31539,44
52246,44
11754,44
28711,44
54952,44
34432,44
29401,44
43725,44
76099,44
07930,43
80121,43
34734,43
20636,43
15140,43
22969,43
74108,43
77401,43
38066,43
10017,43
31641,43
02019,43
19074,43
50311,43
31006,43
64507,43
85541,43
40031,43
21017,43
53925,43
98335,43
75770,43
25411,43
00622,43
01301,43
95519,43
38761,43
19021,43
37405,43
50613,43
68361,43
29516,43
60098,43
30147,43
93650,43
45373,43
31546,43
00927,43
45208,43
95540,43
17225,43
74743,43
20872,43
78059,43
46507,43
97116,43
44890,43
35763,43
12078,43
49301,43
38351,43
14456,43
07077,43
20689,43
74033,43
12168,43
98823,43
63050,43
75021,43
43410,42
43064,42
31765,42
08098,42
69361,42
33093,42
38352,42
28453,42
19030,42
43506,42
20650,42
85087,42
45015,42
95231,42
60450,42
46107,42
56308,42
13469,42
55409,42
29030,42
71404,42
02809,42
00830,42
29580,42
92393,42
98467,42
31647,42
01862,42
17777,42
79918,42
19060,42
16508,42
27937,42
84029,42
62948,42
24228,42
30258,42
07764,42
64053,42
45356,42
78730,42
55327,42
71038,42
38650,42
68025,42
75684,42
87002,42
38236,42
80443,42
01746,42
68007,42
60954,42
39577,42
78957,42
17022,42
80007,42
33508,42
73103,42
53965,42
60521,42
03109,42
12549,42
00841,42
71433,41
89441,41
07401,41
07041,41
70835,41
23841,41
70456,41
32443,41
15102,41
34428,41
94574,41
48046,41
66217,41
36091,41
15201,41
85391,41
51106,41
29114,41
19975,41
53581,41
77702,41
21620,41
44017,41
94949,41
23850,41
32868,41
14103,41
33422,41
07452,41
11020,41
94041,41
99587,41
70554,41
93031,41
53715,41
24563,41
88201,41
88033,41
75148,41
44703,41
27874,41
36036,41
15012,41
29107,41
22066,41
18013,41
85350,41
23466,41
22712,41
94507,41
30558,41
28673,41
47404,41
27244,41
97078,41
13215,41
36266,41
95045,41
18222,41
99362,41
64024,41
44074,41
43202,41
33620,41
93023,41
55352,41
43136,41
94904,41
36312,41
08322,41
85715,41
74432,41
18929,41
25311,41
78379,41
95139,41
00740,41
95003,41
95686,41
93615,41
83501,41
15009,41
78648,41
85285,40
88210,40
01527,40
84067,40
07074,40
96821,40
61525,40
28650,40
33469,40
17101,40
95851,40
28318,40
10595,40
25705,40
15037,40
39736,40
28040,40
77589,40
03848,40
32949,40
76259,40
37865,40
97603,40
39153,40
32054,40
46783,40
12569,40
12449,40
83221,40
80757,40
81212,40
79331,40
86336,40
59714,40
27869,40
35461,40
59602,40
49601,40
71241,40
79013,40
55346,40
13045,40
34742,40
15906,40
15644,40
33477,40
53558,40
84004,40
71261,40
84414,40
43162,40
78014,40
73145,40
18232,40
53901,40
77538,40
00984,40
15905,40
92169,40
12054,40
30042,40
27258,40
19850,40
34251,40
36759,40
55410,39
32702,39
30072,39
86323,39
98053,39
28460,39
33776,39
64158,39
46157,39
75650,39
23936,39
17745,39
53122,39
02494,39
28463,39
08810,39
46106,39
39364,39
11934,39
23603,39
67501,39
07035,39
73503,39
29164,39
16507,39
20833,39
35441,39
83702,39
45806,39
97141,39
28578,39
76096,39
34431,39
35550,39
62618,39
47562,39
10989,39
12148,39
31569,39
01721,39
39752,39
29935,39
28466,39
76476,39
39078,39
19444,39
95365,39
53024,39
85941,39
93420,39
22427,39
17362,39
18519,39
31773,39
53548,39
17345,39
98580,39
48118,39
92572,39
28073,39
19522,39
27844,39
28343,39
21629,39
78639,39
68333,39
11975,39
82601,39
71423,39
70083,39
12564,39
33538,39
49445,39
12563,39
96067,38
24477,38
07730,38
06119,38
71923,38
54880,38
72916,38
78548,38
77371,38
10547,38
07802,38
32569,38
28609,38
54603,38
27806,38
93241,38
75123,38
64136,38
70772,38
14424,38
14845,38
38754,38
19350,38
39325,38
15425,38
95448,38
36602,38
75931,38
19066,38
50201,38
10514,38
60070,38
98506,38
54155,38
46580,38
75644,38
45232,38
29104,38
32431,38
53012,38
44054,38
92225,38
72326,38
37212,38
02818,38
61611,38
95693,38
27897,38
57783,38
02460,38
29222,38
42141,38
27878,38
29657,38
87413,38
37034,38
92655,38
15429,38
63051,38
87547,38
32193,38
39741,38
97322,38
92590,38
95965,38
80621,38
36032,38
19950,38
58401,38
37763,37
21678,37
96041,37
20005,37
18235,37
60033,37
64850,37
20662,37
52802,37
32438,37
27837,37
22039,37
46563,37
70547,37
94024,37
96019,37
01913,37
08033,37
96379,37
79311,37
74604,37
75106,37
02269,37
28327,37
97844,37
29335,37
20194,37
48374,37
79411,37
23421,37
38075,37
92315,37
24503,37
31020,37
23882,37
07463,37
61520,37
25314,37
37407,37
62712,37
93646,37
96161,37
86409,37
79360,37
31065,37
60305,37
36736,37
98284,37
02762,37
32062,37
30477,37
73121,37
95946,37
59701,37
19941,37
17003,37
65265,37
85045,37
72601,37
34145,37
23874,37
18073,37
14212,37
17257,37
15084,37
97058,37
31626,37
44304,37
30528,37
72214,37
30053,37
95658,37
84108,37
96746,36
46216,36
30108,36
88415,36
15417,36
19035,36
40204,36
74902,36
57401,36
97355,36
67209,36
35594,36
27523,36
34695,36
33947,36
00928,36
30023,36
75161,36
71082,36
18088,36
44906,36
12801,36
08090,36
29321,36
46714,36
78357,36
23604,36
38225,36
03303,36
79367,36
63401,36
93219,36
28159,36
30137,36
35184,36
84337,36
94511,36
85367,36
66067,36
64153,36
37813,36
28547,36
38773,36
03867,36
34285,36
48820,36
13637,36
90402,36
28442,36
28351,36
62896,36
36540,36
33008,36
38658,36
96080,36
22847,36
33424,36
93110,36
80005,36
78361,36
38583,36
30103,36
95726,36
47172,36
72012,36
76054,36
39045,36
75692,36
11109,36
80498,36
27371,36
27562,36
06382,36
57719,36
02885,36
07624,36
12446,36
33706,36
02835,36
40403,36
30010,36
18344,36
71465,36
71454,36
10517,35
23226,35
14625,35
06472,35
66503,35
65742,35
49855,35
32442,35
36871,35
10707,35
30257,35
98584,35
50211,35
55439,35
76640,35
98848,35
76550,35
84105,35
26101,35
61081,35
75494,35
70589,35
38355,35
87415,35
34722,35
18954,35
20119,35
96779,35
75969,35
50323,35
64120,35
24577,35
14614,35
28729,35
45631,35
62243,35
76633,35
30457,35
74104,35
38963,35
84664,35
07630,35
23842,35
27880,35
08097,35
15241,35
33164,35
29853,35
36343,35
01773,35
71411,35
89508,35
27876,35
60915,35
17366,35
34429,35
46952,35
70041,35
48813,35
38261,35
18069,35
81611,35
39456,35
72004,35
60604,35
37302,35
95409,35
07656,35
19029,35
97801,35
31522,35
64123,35
83002,35
44089,35
17363,35
18216,35
37058,35
38626,35
18034,35
18249,35
93268,35
75266,35
28458,35
78629,35
85066,35
25304,35
58854,35
85540,35
84124,35
19518,35
18507,35
70516,35
08734,35
78278,35
30237,34
48837,34
29592,34
47421,34
02649,34
71342,34
54701,34
06385,34
47901,34
99801,34
36033,34
31720,34
15234,34
02859,34
99338,34
10151,34
29431,34
07755,34
79830,34
96790,34
60950,34
99645,34
53130,34
44641,34
93013,34
19363,34
32302,34
38069,34
37664,34
79821,34
21793,34
60084,34
98936,34
35089,34
97539,34
70393,34
95370,34
79108,34
61264,34
30554,34
46011,34
77871,34
97502,34
92270,34
46567,34
85658,34
04330,34
12528,34
55057,34
48104,34
49684,34
04901,34
08534,34
38617,34
08884,34
79359,34
54449,34
15222,34
44830,34
05483,34
95665,34
30206,34
91210,34
45054,34
89193,34
64080,34
78362,34
11516,34
06412,34
60849,34
89112,34
01103,34
77613,34
22815,34
21632,34
37821,34
31650,34
27924,34
28128,34
83647,34
63830,34
35654,34
68133,34
28570,34
30821,34
18612,34
34223,34
27831,34
31305,34
68901,34
80030,34
02766,34
55424,34
21607,34
75185,34
39082,34
76066,33
98953,33
92195,33
78279,33
23883,33
03055,33
15017,33
66221,33
29631,33
48116,33
08850,33
46405,33
01475,33
02050,33
35147,33
29054,33
60197,33
95236,33
27860,33
37398,33
34384,33
93539,33
31738,33
39576,33
98110,33
39479,33
11565,33
10588,33
08027,33
45066,33
35079,33
02053,33
96021,33
36587,33
06239,33
63628,33
27509,33
34477,33
79343,33
43920,33
74120,33
35647,33
15042,33
87801,33
77325,33
99217,33
21084,33
02466,33
19311,33
07642,33
09645,33
76449,33
31825,33
68776,33
01007,33
91380,33
94517,33
78406,33
30110,33
99615,33
32179,33
93111,33
94706,33
29002,33
84092,33
28439,33
70577,33
36068,33
32321,33
30817,33
14303,33
95070,33
29067,33
83202,33
15035,33
39837,33
33210,33
53029,33
34996,33
78736,33
23507,33
65712,33
28434,32
40516,32
45750,32
30095,32
36049,32
19520,32
46124,32
80513,32
28425,32
28607,32
06820,32
18056,32
64506,32
42501,32
71275,32
32918,32
27832,32
71064,32
29133,32
04011,32
46225,32
48381,32
23030,32
30436,32
29446,32
45365,32
98040,32
43617,32
62711,32
00605,32
32008,32
65806,32
25443,32
68028,32
25962,32
27542,32
79536,32
39092,32
07676,32
62960,32
95816,32
43417,32
03440,32
48428,32
27810,32
38222,32
90801,32
33102,32
61342,32
46809,32
54501,32
02771,32
75260,32
35748,32
57201,32
34134,32
19475,32
78063,32
08836,32
07640,32
45701,32
93210,32
75839,32
47112,32
30357,32
18091,32
31314,32
17872,32
15063,32
50325,32
28233,32
98221,32
01238,32
92334,32
31516,32
71661,32
32621,32
02341,32
89137,31
06786,31
86322,31
99516,31
06840,31
75561,31
40033,31
46617,31
55066,31
20685,31
86333,31
75691,31
39352,31
76511,31
00653,31
38645,31
12183,31
03906,31
27043,31
73141,31
28723,31
27235,31
15148,31
10537,31
23141,31
64501,31
48022,31
30530,31
95451,31
20841,31
77880,31
60175,31
92233,31
79916,31
56401,31
39441,31
77954,31
61341,31
81625,31
55121,31
29468,31
85737,31
95405,31
00831,31
43952,31
78368,31
99343,31
32033,31
00606,31
77548,31
28467,31
53597,31
83402,31
77240,31
06443,31
28428,31
22827,31
45770,31
07647,31
33920,31
53040,31
11790,31
93620,31
97138,31
01879,31
45628,31
43078,31
30362,31
70753,31
72715,31
39327,31
37643,31
22124,31
10551,31
54650,31
77001,31
98047,31
56378,31
36340,31
37327,31
29661,31
42206,31
20220,31
66413,31
04072,31
29202,31
76059,31
27925,31
64508,31
33061,31
96616,31
71063,31
28462,31
40351,31
19706,31
33425,31
96749,31
78624,31
98507,31
78583,31
27341,31
05001,31
10446,31
64126,31
86303,31
44510,31
18041,31
45640,31
83442,31
66214,31
50327,31
53150,31
76073,30
92325,30
70030,30
33101,30
73102,30
72730,30
54981,30
28659,30
99016,30
65340,30
12538,30
00737,30
71245,30
88029,30
57006,30
77242,30
02445,30
13827,30
74954,30
42086,30
88130,30
19070,30
76206,30
95655,30
85701,30
33163,30
16229,30
72021,30
10916,30
89820,30
00986,30
95642,30
68462,30
36860,30
27521,30
01501,30
98926,30
67002,30
40444,30
76670,30
93532,30
26241,30
21050,30
13032,30
17972,30
30677,30
77271,30
11952,30
60091,30
78615,30
98274,30
96929,30
35645,30
16063,30
77399,30
96731,30
36750,30
02871,30
89027,30
07461,30
92059,30
60001,30
30625,30
44022,30
20816,30
83617,30
75428,30
27018,30
96766,30
49090,30
80136,30
95338,30
93109,30
87301,30
43050,30
98932,30
53094,30
29322,30
41048,30
70426,30
44902,30
66205,30
76101,30
44471,30
60191,30
38966,30
37062,30
95442,30
17267,30
78119,30
67235,30
76540,30
45370,30
48509,30
28441,30
98392,30
70645,30
27829,30
30031,30
17019,30
45368,30
13820,30
44126,30
07727,30
75380,29
32861,29
15026,29
49421,29
02673,29
46012,29
63755,29
54422,29
32433,29
80235,29
38957,29
93256,29
15332,29
01834,29
46158,29
44147,29
53149,29
55108,29
17545,29
10535,29
40014,29
89501,29
34774,29
29081,29
30355,29
77268,29
73078,29
87113,29
05404,29
17554,29
35580,29
27021,29
90224,29
29666,29
27532,29
10958,29
12414,29
10069,29
43160,29
08853,29
27970,29
80303,29
36362,29
30916,29
44308,29
53089,29
35236,29
85390,29
61071,29
54017,29
48169,29
28382,29
23924,29
75966,29
75844,29
62225,29
78123,29
13066,29
27006,29
11507,29
98663,29
71646,29
53045,29
24422,29
38237,29
75763,29
08824,29
30428,29
60026,29
77418,29
99518,29
18433,29
64503,29
31826,29
97408,29
43412,29
17349,29
10520,29
76249,29
99321,29
23192,29
18078,29
10983,29
85607,29
18072,29
15233,29
28719,29
57501,29
85614,29
28450,29
02090,29
33329,29
48638,29
39043,29
21904,29
93285,29
02830,29
97439,29
13219,29
72112,29
85001,29
08063,29
12543,29
38340,29
23058,29
23072,29
75833,29
08889,29
12957,29
32348,29
55082,29
33083,28
31090,28
36549,28
46298,28
30608,28
75453,28
07927,28
65775,28
01542,28
70532,28
30669,28
06702,28
92285,28
32403,28
88339,28
80926,28
93590,28
14510,28
46101,28
78235,28
02492,28
28129,28
08086,28
42276,28
17540,28
32925,28
38778,28
94062,28
42408,28
86301,28
58203,28
12015,28
33269,28
79081,28
94709,28
73055,28
99021,28
22835,28
20675,28
36277,28
27020,28
27559,28
47546,28
15131,28
35579,28
19034,28
77245,28
78661,28
39834,28
36728,28
13211,28
64125,28
49456,28
28374,28
17222,28
92091,28
73942,28
95119,28
39320,28
77514,28
60041,28
75948,28
62988,28
00694,28
63144,28
98010,28
29654,28
18969,28
92623,28
32087,28
95046,28
46280,28
60152,28
30251,28
97862,28
99302,28
77238,28
72132,28
07723,28
63005,28
98675,28
70774,28
70541,28
24179,28
74873,28
76689,28
30107,28
38462,28
44506,28
30259,28
26300,28
17517,28
24558,28
96130,28
18426,28
78124,28
78962,28
70019,28
70502,28
78834,28
32181,28
82003,28
17837,28
46814,28
06480,28
05452,28
56751,28
00950,28
38843,28
63556,27
16146,27
08051,27
43028,27
54013,27
27048,27
88256,27
70754,27
46582,27
19465,27
75855,27
48612,27
30510,27
07677,27
28393,27
86403,27
85173,27
31565,27
54481,27
06073,27
74959,27
08809,27
77360,27
13039,27
77507,27
77204,27
31046,27
30302,27
11705,27
27850,27
06355,27
33680,27
06029,27
53201,27
02461,27
97524,27
10974,27
98019,27
46774,27
10973,27
31094,27
71225,27
15066,27
64075,27
43950,27
66043,27
50126,27
97703,27
22942,27
94618,27
81003,27
37029,27
30218,27
21203,27
27581,27
79501,27
15320,27
36088,27
36879,27
04038,27
79371,27
98942,27
32784,27
55744,27
74023,27
30450,27
59840,27
47122,27
15627,27
10994,27
48446,27
29943,27
21087,27
10509,27
26711,27
29692,27
22473,27
12912,27
36852,27
77277,27
27948,27
15044,27
61080,27
72365,27
02458,27
96704,27
53121,27
95953,27
93442,27
95422,27
20714,27
83530,27
02748,27
21102,27
18960,27
34289,27
10116,27
00724,27
38221,27
66064,27
24522,26
11797,26
28621,26
37857,26
97383,26
95650,26
95602,26
23868,26
99623,26
11940,26
71409,26
88061,26
36558,26
06877,26
18229,26
33509,26
21651,26
11942,26
29111,26
29047,26
03431,26
57105,26
85373,26
48353,26
45122,26
91413,26
95521,26
63338,26
01950,26
28435,26
29671,26
21047,26
31018,26
29355,26
75783,26
60069,26
30634,26
14586,26
24550,26
32656,26
12056,26
01938,26
13209,26
11363,26
29056,26
78070,26
07416,26
71280,26
73027,26
18332,26
75789,26
08562,26
75572,26
01027,26
79758,26
62924,26
03842,26
02168,26
84741,26
42164,26
53129,26
53145,26
27379,26
62966,26
08020,26
02056,26
36069,26
95692,26
14837,26
95328,26
56387,26
30037,26
52060,26
32426,26
64139,26
32693,26
19372,26
21863,26
43812,26
03110,26
07838,26
49617,26
70040,26
38362,26
06107,26
36017,26
22567,26
40330,26
60460,26
48074,26
92135,26
64079,26
88252,26
35570,26
02481,26
99517,26
00715,26
30104,26
23696,26
21623,26
32859,26
03865,26
27357,26
73010,26
93921,26
99503,26
92176,26
16117,26
87104,26
31001,26
85550,25
10506,25
49858,25
48468,25
31829,25
31057,25
23040,25
33646,25
14812,25
41075,25
14905,25
77404,25
08833,25
08230,25
22308,25
71075,25
78076,25
48363,25
99201,25
33568,25
01543,25
84042,25
18411,25
39772,25
32963,25
33687,25
72221,25
55398,25
71643,25
75656,25
30081,25
37771,25
24901,25
98443,25
27313,25
37754,25
10921,25
44614,25
15024,25
52002,25
89519,25
81637,25
45203,25
53598,25
29009,25
84737,25
08018,25
70436,25
95173,25
43074,25
95472,25
63857,25
18828,25
54942,25
25302,25
95030,25
33631,25
15468,25
11755,25
31146,25
09114,25
30459,25
07827,25
15901,25
72011,25
32626,25
27973,25
71327,25
97051,25
15065,25
77291,25
02675,25
08867,25
06831,25
78343,25
63131,25
15904,25
07620,25
54751,25
82070,25
38079,25
28160,25
24015,25
00965,25
92397,25
06483,25
70395,25
76003,25
38639,25
72036,25
20763,25
49106,25
75639,25
27851,25
18108,25
70655,25
33482,25
55371,25
42754,25
34755,25
33953,25
36046,25
28399,25
92815,25
72033,25
54307,25
10580,25
33222,25
45434,25
01095,25
48037,25
79556,25
45323,25
57362,25
81647,25
17538,25
76233,25
98557,25
87102,25
26104,25
03903,25
85375,25
38601,25
80116,25
48610,25
29931,25
97215,25
11030,25
31139,25
37080,25
00958,25
72417,25
19041,25
54022,25
65043,25
32136,25
28538,25
80517,25
68850,25
15101,24
46151,24
14760,24
62286,24
27306,24
15143,24
07649,24
46356,24
85123,24
24588,24
84302,24
21404,24
01945,24
14564,24
78659,24
55391,24
36020,24
75847,24
39053,24
36561,24
17026,24
93923,24
00937,24
28338,24
01030,24
80640,24
34250,24
71743,24
15801,24
11551,24
41074,24
28716,24
79381,24
73068,24
92014,24
32446,24
03874,24
01776,24
36321,24
38478,24
31744,24
55364,24
70755,24
75792,24
80212,24
53185,24
30410,24
76095,24
21912,24
56701,24
43620,24
98233,24
29672,24
18355,24
76638,24
61369,24
27355,24
23974,24
43021,24
23307,24
73098,24
68142,24
09096,24
95932,24
95320,24
35576,24
55331,24
14546,24
63834,24
45885,24
20037,24
36025,24
70765,24
46126,24
08502,24
37068,24
07722,24
54742,24
31788,24
27816,24
53538,24
76367,24
17028,24
44101,24
43925,24
43458,24
48846,24
17061,24
76161,24
18661,24
25523,24
24084,24
30156,24
22435,24
12095,24
49003,24
04073,24
15618,24
77873,24
07481,24
95381,24
84720,24
54494,24
07044,24
38857,24
77419,24
50208,24
20108,24
93427,24
30056,24
28721,24
32619,24
07936,24
39867,24
60602,24
76943,24
82604,24
75845,24
82935,24
35460,24
27857,24
36740,24
77448,24
02584,23
48625,23
48164,23
24078,23
49085,23
37015,23
91916,23
31635,23
19101,23
83001,23
98134,23
03851,23
38744,23
91024,23
63124,23
36047,23
07207,23
36817,23
44050,23
28557,23
01516,23
45831,23
36912,23
95220,23
40023,23
92637,23
29922,23
05301,23
74361,23
59912,23
29031,23
10570,23
22119,23
06482,23
19939,23
36376,23
28236,23
17347,23
29546,23
22151,23
54403,23
75014,23
62201,23
90009,23
41265,23
04005,23
01507,23
97459,23
68949,23
80465,23
38663,23
36518,23
27938,23
29903,23
26354,23
36585,23
17834,23
24121,23
19512,23
38753,23
73521,23
75084,23
52726,23
12568,23
70732,23
07068,23
37414,23
95419,23
73538,23
60680,23
47459,23
71647,23
39296,23
96122,23
15090,23
78946,23
33345,23
60942,23
76055,23
92136,23
28422,23
71765,23
38803,23
70187,23
68131,23
17860,23
30446,23
76651,23
36352,23
32329,23
12070,23
71007,23
67147,23
11771,23
13126,23
90714,23
55811,23
77659,23
19075,23
97034,23
23450,23
48807,23
38229,23
37874,23
24521,23
67357,23
30752,23
38183,23
42021,23
91305,23
28515,23
71418,23
06716,23
33119,23
24148,23
27862,23
23920,23
48844,23
37377,23
27809,23
10507,23
16823,23
77254,23
22718,23
95004,23
78359,22
65441,22
59106,22
00681,22
12061,22
81401,22
71033,22
02916,22
72331,22
34230,22
66025,22
77451,22
07405,22
17754,22
93644,22
45872,22
82718,22
63126,22
29704,22
14867,22
79111,22
35760,22
19530,22
32318,22
44140,22
38168,22
23923,22
86429,22
37133,22
09104,22
99326,22
95073,22
66436,22
97103,22
95223,22
71369,22
31824,22
07092,22
71469,22
02747,22
28526,22
70549,22
40059,22
22841,22
47923,22
28421,22
33704,22
17959,22
29602,22
22460,22
19105,22
11719,22
79201,22
68507,22
48114,22
08260,22
30919,22
11576,22
56763,22
81301,22
32614,22
40353,22
30086,22
39480,22
77398,22
96097,22
94945,22
43320,22
98921,22
57350,22
36024,22
34448,22
20185,22
23308,22
64112,22
70459,22
94111,22
38685,22
15129,22
23420,22
39326,22
97221,22
35464,22
24273,22
35130,22
74070,22
30411,22
80530,22
35546,22
32059,22
66007,22
99324,22
37745,22
21919,22
74103,22
97365,22
91510,22
12159,22
36525,22
16511,22
61011,22
78547,22
30129,22
49346,22
27582,22
85244,22
92250,22
71016,22
21631,22
96830,22
75265,22
32764,22
47165,22
38040,22
50595,22
77624,22
12542,22
23947,22
36751,22
98332,22
43534,22
37085,22
66092,22
48357,22
45218,22
96733,22
63336,22
32882,22
23511,22
29502,22
43619,22
83858,22
70736,22
19073,22
33471,22
38748,22
45433,22
28544,22
75027,22
30816,22
55077,22
29065,22
33070,22
76255,22
48438,22
30377,22
01331,22
25301,22
49770,22
55115,21
98136,21
84765,21
12077,21
96820,21
46034,21
43072,21
30630,21
44889,21
74463,21
39347,21
36866,21
31150,21
96007,21
53046,21
37037,21
38303,21
77964,21
25064,21
23410,21
61853,21
11431,21
78339,21
78593,21
32046,21
32961,21
30621,21
45233,21
80913,21
75640,21
29742,21
75851,21
48079,21
67547,21
10560,21
76088,21
41501,21
71770,21
22663,21
54153,21
74728,21
03086,21
14472,21
89001,21
00690,21
98264,21
33970,21
77830,21
21750,21
56601,21
35036,21
99203,21
32858,21
34688,21
44839,21
31764,21
92711,21
21710,21
44408,21
07762,21
19807,21
47371,21
19714,21
74114,21
28138,21
59047,21
48153,21
12778,21
30070,21
95969,21
21219,21
77660,21
79545,21
73006,21
04282,21
22444,21
22134,21
78101,21
60424,21
23517,21
43076,21
95722,21
12074,21
46249,21
84060,21
55103,21
40217,21
64115,21
47119,21
86351,21
33231,21
90308,21
65781,21
95490,21
34973,21
38756,21
78654,21
70770,21
98064,21
56353,21
71852,21
44507,21
78719,21
22920,21
67060,21
12575,21
75473,21
15501,21
56296,21
60548,21
72616,21
29581,21
15250,21
75491,21
07849,21
36441,21
33834,21
70437,21
13057,21
01864,21
90707,21
96788,21
28734,21
06461,21
71375,21
71429,21
23415,21
29729,21
35584,21
93666,21
48032,21
62964,21
50321,21
29145,21
99553,21
43713,21
37330,21
47610,21
72653,21
99692,21
79036,21
08251,21
44099,21
65722,21
40046,21
89430,21
85312,21
07648,21
21797,21
02142,21
01756,21
92249,21
75156,21
22205,21
11782,21
06470,21
28612,21
70465,21
67601,21
06488,21
12780,21
38864,21
45157,21
14068,21
39854,21
47834,21
61752,21
66517,21
34988,20
75569,20
12804,20
15347,20
42724,20
45430,20
76424,20
28722,20
36445,20
75424,20
30049,20
89301,20
27041,20
70522,20
56007,20
92845,20
95467,20
27588,20
48367,20
01529,20
37888,20
14222,20
77219,20
01505,20
13642,20
46773,20
92402,20
29591,20
31827,20
41031,20
27605,20
30295,20
61412,20
37219,20
93225,20
72702,20
92007,20
67530,20
91793,20
76673,20
23541,20
13865,20
01463,20
31722,20
78947,20
37146,20
63020,20
36251,20
78606,20
28791,20
91386,20
70879,20
23824,20
18250,20
81520,20
20620,20
02356,20
33677,20
72190,20
29470,20
70548,20
97004,20
22469,20
24141,20
64759,20
38871,20
27872,20
59079,20
83211,20
26817,20
27843,20
16505,20
72327,20
35671,20
24301,20
60135,20
28478,20
55947,20
95989,20
48359,20
18336,20
80047,20
75129,20
92684,20
06335,20
40162,20
86324,20
28762,20
30905,20
25880,20
65248,20
19031,20
92662,20
67880,20
63383,20
53544,20
61462,20
85262,20
79749,20
37879,20
71467,20
96950,20
29819,20
23063,20
56433,20
63863,20
03868,20
00652,20
72952,20
53004,20
06379,20
30575,20
24531,20
88232,20
25661,20
14060,20
61239,20
28302,20
83455,20
77856,20
70353,20
91409,20
50650,20
44090,20
39174,20
99723,20
70342,20
10963,20
32331,20
36738,20
39097,20
06260,20
32577,20
12775,20
77284,20
12305,20
74337,20
76162,20
97739,20
44141,20
32029,20
29116,20
00925,20
89045,20
48137,20
53097,20
55038,20
48909,20
93449,20
47501,20
64429,20
24527,20
83204,20
68523,20
93402,20
66606,20
06897,20
75949,20
38643,19
52401,19
76634,19
79035,19
94140,19
46376,19
36529,19
32936,19
93665,19
79913,19
45359,19
31066,19
87059,19
42437,19
63769,19
70648,19
08510,19
14428,19
31606,19
48831,19
02032,19
85616,19
12106,19
03743,19
51537,19
44036,19
62254,19
01747,19
29129,19
43143,19
75755,19
27541,19
34141,19
44072,19
49542,19
77290,19
31542,19
62921,19
86040,19
48039,19
98579,19
28710,19
06848,19
92517,19
18424,19
62239,19
01564,19
85333,19
09834,19
75370,19
28447,19
28712,19
56031,19
07760,19
42211,19
32132,19
29372,19
32941,19
33758,19
36783,19
78575,19
68526,19
59833,19
75416,19
96162,19
92273,19
31041,19
32694,19
28651,19
97216,19
75414,19
48387,19
23069,19
07422,19
75422,19
70729,19
12551,19
83843,19
33785,19
23856,19
08270,19
14901,19
49315,19
78578,19
23942,19
75712,19
09123,19
62024,19
36310,19
92061,19
36569,19
53032,19
95326,19
93201,19
13323,19
26062,19
48321,19
53073,19
78708,19
19301,19
73554,19
14411,19
49544,19
76648,19
31510,19
74022,19
33669,19
29123,19
48451,19
89133,19
36874,19
54937,19
70410,19
29006,19
44632,19
29014,19
95012,19
04105,19
05482,19
12759,19
27358,19
20704,19
04046,19
28782,19
22624,19
21104,19
72064,19
33233,19
06471,19
70759,19
23146,19
96093,19
06234,19
29845,19
77364,19
01984,19
38948,19
46574,19
39745,19
05340,19
47331,19
63851,19
89199,19
75571,19
95322,19
07853,19
75105,19
71744,19
74523,19
03901,19
02066,19
02838,19
39827,19
11971,19
20711,19
46135,19
05478,19
99403,19
33303,19
27316,19
95065,19
06787,19
15045,19
19085,19
85613,19
24210,19
12477,19
72346,19
73075,19
17344,19
39404,19
29741,19
82716,19
93927,19
08635,19
98314,18
01430,18
54421,18
07101,18
54669,18
32550,18
84087,18
60032,18
48017,18
11941,18
91603,18
95109,18
08344,18
36375,18
35062,18
01842,18
01590,18
22611,18
79401,18
53960,18
32680,18
56258,18
30364,18
72675,18
62441,18
61546,18
06510,18
70733,18
91963,18
28604,18
66617,18
76518,18
98065,18
78355,18
94060,18
30739,18
28585,18
45167,18
20837,18
06903,18
36264,18
30755,18
56472,18
10538,18
11579,18
09067,18
96913,18
72170,18
28502,18
54476,18
33109,18
76747,18
37840,18
21903,18
51031,18
07465,18
98148,18
38721,18
00951,18
14203,18
40293,18
27624,18
02631,18
36548,18
53146,18
30074,18
25082,18
71337,18
28455,18
06416,18
62294,18
39336,18
19344,18
00614,18
17052,18
31208,18
76431,18
03235,18
92314,18
39897,18
10516,18
12434,18
47807,18
20733,18
66207,18
27102,18
72714,18
27376,18
71078,18
94039,18
10536,18
22210,18
48350,18
71068,18
11709,18
48457,18
80901,18
76834,18
20115,18
44030,18
93387,18
98419,18
90895,18
72007,18
28091,18
29934,18
70744,18
03766,18
59821,18
99835,18
41076,18
08515,18
07438,18
44622,18
33081,18
61065,18
30124,18
66053,18
02333,18
34292,18
23488,18
72734,18
31017,18
38737,18
38320,18
77234,18
89018,18
74354,18
39704,17
46341,17
97056,17
33792,17
20013,17
34242,17
32718,17
17065,17
80840,17
06498,17
74048,17
06807,17
95954,17
60141,17
30823,17
33821,17
44714,17
97537,17
16150,17
36758,17
00732,17
77517,17
53549,17
59404,17
18915,17
10986,17
67502,17
65560,17
55012,17
33733,17
38037,17
31019,17
49230,17
58237,17
78333,17
62278,17
76905,17
02917,17
47240,17
54904,17
28642,17
74003,17
83703,17
22973,17
37869,17
01985,17
02808,17
21530,17
49249,17
31054,17
87501,17
29511,17
10526,17
28479,17
42503,17
83210,17
73717,17
24013,17
13214,17
01520,17
69001,17
70727,17
64701,17
99218,17
39476,17
48875,17
35054,17
12522,17
24091,17
42718,17
76635,17
19343,17
70801,17
38197,17
58704,17
43056,17
32567,17
03246,17
13691,17
70911,17
01748,17
72432,17
70545,17
60507,17
48933,17
12803,17
29374,17
71747,17
10504,17
17847,17
98938,17
46058,17
48723,17
92386,17
95249,17
93930,17
04605,17
54521,17
29639,17
96101,17
33849,17
49080,17
49393,17
35605,17
52748,17
42029,17
08603,17
59037,17
24083,17
48462,17
48722,17
18902,17
99669,17
31202,17
33987,17
37222,17
01731,17
38762,17
72127,17
35780,17
45693,17
41121,17
30622,17
20184,17
27833,17
42054,17
33503,17
62231,17
28394,17
38381,17
07825,17
75954,17
82301,17
49091,17
01775,17
27699,17
89013,17
84335,17
30089,17
61560,17
65010,17
04062,17
94005,17
71028,17
93501,17
64089,17
72216,17
76374,17
31743,17
31629,17
36051,17
28126,17
38641,17
31409,17
37764,17
76693,17
46121,17
23433,17
93270,17
89706,17
80643,17
29453,17
66448,17
77222,17
71842,16
55734,16
63390,16
35609,16
97333,16
37185,16
93616,16
71461,16
76035,16
48362,16
92013,16
78156,16
77425,16
92138,16
64145,16
86404,16
44633,16
37665,16
09173,16
08758,16
48117,16
97053,16
08402,16
12561,16
58763,16
91912,16
11753,16
34276,16
30051,16
72165,16
83661,16
17368,16
63552,16
36113,16
54646,16
13165,16
37179,16
32339,16
00744,16
36576,16
31515,16
76487,16
65809,16
71670,16
17921,16
30334,16
25526,16
17857,16
36005,16
15116,16
03811,16
60927,16
01944,16
33075,16
17038,16
78691,16
20771,16
20883,16
30160,16
71671,16
77560,16
23123,16
77963,16
95666,16
75109,16
61348,16
40744,16
47987,16
76211,16
08056,16
78140,16
53575,16
30678,16
21550,16
23501,16
61607,16
21617,16
32502,16
65613,16
07627,16
85736,16
28436,16
85749,16
31076,16
28363,16
20608,16
74013,16
72111,16
39108,16
48617,16
70550,16
21864,16
33906,16
65605,16
32956,16
31119,16
33775,16
13116,16
75152,16
33396,16
47022,16
58204,16
06375,16
75030,16
60970,16
29831,16
63084,16
54166,16
71032,16
92658,16
91609,16
72303,16
32094,16
78863,16
81657,16
76524,16
38870,16
59353,16
58552,16
17931,16
01462,16
70462,16
36722,16
44286,16
75859,16
10706,16
99514,16
75410,16
73080,16
07403,16
73169,16
95386,16
27305,16
37313,16
47136,16
34478,16
72030,16
28761,16
06057,16
33053,16
64683,16
18254,16
92513,16
81521,16
39525,16
35744,16
02493,16
29471,16
12859,16
72150,16
77230,16
36580,16
93640,16
52632,16
28469,16
47060,16
48062,16
90510,16
48376,16
11792,16
13861,16
76064,16
08067,16
12747,16
76664,16
97415,16
96823,16
07043,16
31821,16
67052,16
79358,16
06870,16
21788,16
07446,16
27805,16
73136,16
11954,16
08223,16
77492,16
19555,16
21822,16
91906,16
58640,16
28438,16
39354,16
56470,16
22642,16
06339,16
48366,16
78926,16
62010,16
16029,16
78934,15
23002,15
04096,15
57751,15
99001,15
82501,15
70831,15
14592,15
30131,15
30249,15
44262,15
08559,15
43316,15
06016,15
21027,15
76963,15
31798,15
78956,15
31532,15
30301,15
13495,15
78131,15
49327,15
99559,15
55375,15
96857,15
48063,15
75459,15
29233,15
05461,15
41035,15
77430,15
19565,15
83644,15
03570,15
85130,15
59072,15
95634,15
30184,15
02568,15
71762,15
68117,15
80514,15
04578,15
50707,15
40071,15
33504,15
36524,15
72581,15
55319,15
82201,15
98250,15
35768,15
92192,15
75693,15
36775,15
44663,15
27231,15
28448,15
18707,15
11769,15
31079,15
37354,15
20135,15
29224,15
35650,15
60922,15
12577,15
15209,15
44460,15
62621,15
78938,15
77663,15
02054,15
94563,15
99335,15
79838,15
53168,15
37403,15
40051,15
81635,15
46738,15
61736,15
27350,15
22572,15
94301,15
21155,15
87326,15
49031,15
92003,15
08733,15
54652,15
10925,15
73030,15
10105,15
30802,15
12051,15
27551,15
25508,15
22967,15
75479,15
36351,15
96028,15
95696,15
11804,15
75490,15
37755,15
27010,15
80863,15
80502,15
70533,15
77391,15
76691,15
75861,15
60567,15
31789,15
02113,15
06026,15
06351,15
18517,15
85299,15
30520,15
32813,15
08829,15
32561,15
53115,15
38485,15
02878,15
70361,15
04064,15
68367,15
81147,15
98577,15
18938,15
49401,15
33454,15
23260,15
21638,15
78011,15
85610,15
30452,15
06415,15
75179,15
78884,15
86335,15
72749,15
33831,15
30154,15
12143,15
64870,15
24219,15
68847,15
52342,15
94188,15
45305,15
19970,15
31416,15
12582,15
74930,15
33601,15
71333,15
75138,15
60006,15
91313,15
44820,15
75661,15
97470,15
03873,15
99022,15
93747,15
98252,15
37841,15
75563,15
30733,15
38944,15
22733,15
92331,15
70174,15
62018,15
04730,15
78743,15
19425,15
29652,15
90213,15
21094,15
15033,15
92577,15
18321,15
66083,15
96791,15
34416,15
01742,15
32266,15
56137,15
36278,15
08750,15
72719,15
66211,15
75505,15
63601,15
50801,15
43830,15
80654,15
62953,15
47243,15
28396,15
19373,15
06101,15
87008,15
28634,15
58425,15
33006,15
70076,15
93514,15
74745,15
85935,15
45694,15
69341,15
21657,15
46524,15
04280,15
27957,15
76455,15
98541,15
95968,15
50616,15
14031,15
27812,15
33148,15
01060,15
17032,15
02828,15
66012,15
27888,15
85552,15
47167,14
68118,14
27505,14
12733,14
28454,14
89403,14
05408,14
27620,14
27553,14
36120,14
35021,14
80218,14
60468,14
19025,14
48890,14
22313,14
06102,14
98388,14
84655,14
03106,14
20701,14
31778,14
95694,14
31095,14
65336,14
75790,14
72908,14
31070,14
08242,14
18219,14
30648,14
55806,14
20090,14
30441,14
13624,14
32768,14
63775,14
64098,14
13732,14
72131,14
70839,14
78160,14
71260,14
07974,14
33957,14
27310,14
13685,14
43557,14
31735,14
64190,14
84014,14
48424,14
33848,14
02763,14
16238,14
49206,14
18512,14
70633,14
33685,14
93216,14
65034,14
93461,14
71968,14
90231,14
30740,14
28207,14
22922,14
18325,14
07865,14
80722,14
71961,14
02539,14
41537,14
68512,14
02476,14
75423,14
72801,14
36453,14
57703,14
81303,14
78739,14
71458,14
10602,14
49953,14
73104,14
48840,14
35586,14
31781,14
15223,14
55302,14
46950,14
28032,14
22849,14
31557,14
54143,14
26343,14
05851,14
12033,14
30185,14
31512,14
02045,14
39192,14
81101,14
28730,14
22211,14
17970,14
12451,14
32535,14
44026,14
32704,14
12831,14
49945,14
01062,14
99737,14
98947,14
53707,14
40507,14
17360,14
29001,14
19081,14
32668,14
32744,14
98020,14
29916,14
06424,14
80970,14
71235,14
48879,14
81403,14
84653,14
71439,14
12207,14
98045,14
24836,14
77759,14
30619,14
14482,14
75974,14
48138,14
51103,14
23885,14
29727,14
24605,14
08007,14
73065,14
95464,14
47235,14
83805,14
45274,14
33929,14
51632,14
30366,14
75365,14
61021,14
49623,14
12043,14
20790,14
17557,14
96738,14
23959,14
96266,14
31126,14
85929,14
43013,14
48827,14
86440,14
35772,14
28373,14
65725,14
28636,14
08008,14
23011,14
33421,14
48380,14
23140,14
53955,14
02751,14
37331,14
27849,14
93632,14
21838,14
48360,14
80118,14
97992,14
08640,14
19510,14
80615,14
99702,14
32041,14
79752,14
37397,14
12734,14
12083,14
32058,14
94001,14
90071,14
48099,14
38175,14
33851,14
48629,14
38187,14
14847,14
63080,14
97753,14
41101,14
78867,14
45045,14
03833,14
27583,14
70665,14
14737,14
78543,14
03263,14
60186,14
33526,14
49740,14
12117,14
51360,14
99025,14
21776,14
87402,14
56570,14
61322,14
74601,14
12779,14
33655,14
39505,14
04102,14
42602,14
92275,14
48098,14
09049,14
19474,14
64671,14
31035,14
33767,14
08752,14
65305,14
24557,14
39862,14
37095,14
44710,13
16046,13
85336,13
97227,13
29849,13
72855,13
97424,13
60009,13
49093,13
56547,13
93040,13
06413,13
30800,13
37409,13
30524,13
33657,13
59802,13
87026,13
94302,13
08736,13
18403,13
30250,13
43906,13
58040,13
03275,13
17252,13
21719,13
43558,13
24416,13
27572,13
06878,13
01464,13
70763,13
62285,13
85329,13
44822,13
48176,13
47429,13
29375,13
19365,13
78071,13
14261,13
33090,13
01831,13
08035,13
32617,13
89140,13
46072,13
51334,13
02657,13
32795,13
92198,13
89283,13
39353,13
33443,13
71485,13
27619,13
04625,13
62914,13
30707,13
44644,13
45226,13
70656,13
72936,13
92328,13
28256,13
81131,13
58047,13
23301,13
41001,13
76380,13
52577,13
47310,13
33741,13
77288,13
08092,13
67230,13
98401,13
38924,13
54451,13
19526,13
24165,13
01220,13
68845,13
30536,13
63624,13
02896,13
06756,13
44718,13
54759,13
38683,13
89835,13
78549,13
09034,13
30065,13
27979,13
16055,13
30565,13
12188,13
07711,13
77842,13
67050,13
30136,13
14568,13
31420,13
76579,13
79355,13
95627,13
49082,13
17079,13
35673,13
61371,13
77582,13
63869,13
38544,13
75979,13
90749,13
10282,13
19312,13
01983,13
70451,13
10913,13
45644,13
32568,13
13813,13
33238,13
11721,13
27243,13
04087,13
39158,13
32772,13
04358,13
60184,13
07420,13
27818,13
90093,13
83712,13
27865,13
44230,13
49738,13
08225,13
96022,13
18444,13
38144,13
29101,13
48189,13
76433,13
24354,13
04416,13
49685,13
32347,13
53008,13
78351,13
70653,13
33802,13
27839,13
00968,13
32667,13
92615,13
03908,13
53566,13
33675,13
75831,13
29051,13
12932,13
18644,13
75713,13
70762,13
86334,13
39459,13
92165,13
77225,13
13849,13
96088,13
28009,13
76272,13
93908,13
75668,13
15691,13
17569,13
11732,13
77348,13
39825,13
89029,13
35463,13
10576,13
87122,13
98851,13
21658,13
36353,13
95252,13
60165,13
64504,13
77426,13
34200,13
23966,13
28361,13
00613,13
38636,13
56071,13
08542,13
92067,13
89170,13
13417,13
97875,13
61610,13
74116,13
63650,13
33933,13
14526,13
08691,13
70504,13
32747,13
23870,13
39161,13
94956,13
76277,13
71051,13
35029,13
58621,13
86327,13
73446,12
02802,12
02111,12
77482,12
74948,12
29564,12
28231,12
30358,12
43912,12
20775,12
83864,12
17007,12
13104,12
75929,12
72348,12
04086,12
15142,12
31156,12
19899,12
95458,12
02779,12
23187,12
73960,12
61602,12
45320,12
37220,12
28230,12
00721,12
38736,12
28525,12
17314,12
95425,12
33257,12
72069,12
31221,12
71229,12
73049,12
36125,12
14445,12
16865,12
44657,12
38673,12
04435,12
38041,12
68818,12
35077,12
13750,12
70740,12
08828,12
89439,12
53147,12
29182,12
17361,12
08072,12
38610,12
00934,12
79702,12
14870,12
34661,12
32190,12
81006,12
38330,12
40151,12
18656,12
65740,12
95201,12
27630,12
62946,12
80424,12
45638,12
76232,12
48159,12
48191,12
52641,12
10998,12
58852,12
45856,12
30525,12
10594,12
37082,12
89460,12
46069,12
59847,12
32748,12
98039,12
11948,12
08368,12
38555,12
01364,12
54140,12
29260,12
40119,12
13492,12
75163,12
93601,12
38067,12
25422,12
61448,12
18223,12
96251,12
62233,12
49457,12
95638,12
19086,12
23417,12
75631,12
68723,12
35002,12
33261,12
21666,12
06403,12
67152,12
12578,12
95329,12
29899,12
55350,12
71080,12
47944,12
81148,12
11734,12
30512,12
22923,12
19016,12
74881,12
68147,12
95683,12
30091,12
50035,12
30175,12
24538,12
05446,12
83333,12
49821,12
41102,12
85603,12
77203,12
49038,12
16656,12
10525,12
36123,12
63069,12
62461,12
30563,12
46792,12
07803,12
34674,12
06132,12
68661,12
01005,12
43938,12
13140,12
81052,12
08558,12
39533,12
29721,12
28471,12
30353,12
28391,12
48136,12
00822,12
88231,12
32869,12
07242,12
03281,12
12184,12
31131,12
38769,12
76703,12
30272,12
15668,12
98550,12
51351,12
61856,12
84310,12
17475,12
21131,12
67735,12
01230,12
93202,12
66607,12
77577,12
34893,12
65708,12
16844,12
50627,12
07082,12
06422,12
46244,12
11582,12
84624,12
97448,12
86047,12
94960,12
29333,12
33087,12
85732,12
29653,12
06138,12
77720,12
97479,12
85076,12
73801,12
93925,12
03362,12
02459,12
74740,12
28090,12
55072,12
54491,12
81025,12
29162,12
60420,12
36260,12
22936,12
93218,12
71073,12
71018,12
95982,12
39813,12
75083,12
80935,12
75117,12
96771,12
44403,12
34705,12
07051,12
72768,12
92861,12
58421,12
07718,12
89415,12
84654,12
06712,12
90030,12
77444,12
32227,12
83423,12
27709,12
46132,12
18822,12
75439,12
76641,12
23303,12
39870,12
30015,12
72102,12
93716,12
51002,12
38647,12
97146,12
28127,12
58075,12
85005,12
10962,12
06779,12
49265,12
08827,12
36530,12
65065,12
85924,12
28007,12
37073,12
77223,12
07921,12
96741,12
33464,12
02347,12
23442,12
35118,12
18618,12
21295,12
70569,12
85118,12
38927,12
38878,12
52801,12
76701,12
02482,12
18077,12
43134,12
30085,12
02540,12
78147,12
24574,12
31062,12
75102,12
13120,12
22735,12
98282,12
14092,12
13424,12
15851,12
44280,12
59934,12
41143,12
55164,12
45001,12
25832,12
46206,12
73150,12
03231,12
35220,12
56514,12
12158,12
15243,12
56425,12
53074,12
37938,11
04270,11
28573,11
30924,11
65237,11
25823,11
36767,11
92168,11
77675,11
85643,11
12226,11
48121,11
24368,11
15086,11
94540,11
43019,11
48041,11
41007,11
73149,11
97367,11
07939,11
15215,11
00805,11
15665,11
75928,11
95018,11
33423,11
85324,11
27331,11
48145,11
55051,11
27230,11
59001,11
49103,11
46742,11
97738,11
35452,11
95255,11
78056,11
13416,11
93034,11
31071,11
36601,11
35542,11
75049,11
97540,11
92256,11
20777,11
63145,11
08073,11
02668,11
56016,11
43525,11
49323,11
77455,11
81620,11
75915,11
74331,11
75475,11
24517,11
31799,11
66227,11
36256,11
40142,11
88044,11
73009,11
07632,11
62047,11
79124,11
23181,11
08551,11
08514,11
28705,11
15522,11
27017,11
46041,11
36537,11
44667,11
77376,11
18419,11
35219,11
07261,11
06417,11
60554,11
19503,11
99173,11
84066,11
53916,11
85145,11
77606,11
36773,11
15060,11
02639,11
61548,11
35201,11
44028,11
85650,11
61874,11
65631,11
96714,11
75026,11
28114,11
16827,11
32759,11
85266,11
48850,11
50257,11
15228,11
27813,11
35016,11
27949,11
48422,11
57032,11
31034,11
72560,11
01534,11
92536,11
45680,11
92378,11
25901,11
14627,11
06238,11
85193,11
39303,11
99603,11
17516,11
28135,11
02717,11
33051,11
79372,11
43218,11
49012,11
48096,11
01719,11
45502,11
92423,11
98570,11
19352,11
93227,11
75261,11
65041,11
05158,11
40380,11
60021,11
09009,11
92051,11
77664,11
28420,11
34751,11
50593,11
80102,11
01929,11
48463,11
00914,11
74130,11
24087,11
59937,11
97023,11
29495,11
01833,11
75963,11
02743,11
36792,11
10511,11
04677,11
90702,11
43009,11
20029,11
30515,11
13456,11
29589,11
05763,11
71665,11
20882,11
15480,11
43023,11
77837,11
71751,11
70707,11
75642,11
46770,11
09630,11
49309,11
35907,11
66514,11
75807,11
62059,11
32071,11
79022,11
38006,11
54467,11
49098,11
15085,11
33320,11
08553,11
73005,11
98207,11
07021,11
49040,11
70789,11
70453,11
69127,11
28813,11
31072,11
38231,11
73235,11
76639,11
28906,11
37650,11
37201,11
33302,11
28571,11
75975,11
12570,11
29584,11
49431,11
77496,11
28816,11
95258,11
06085,11
35565,11
37774,11
92470,11
75314,11
06076,11
85236,11
44258,11
35202,11
07732,11
80487,11
74731,11
47469,11
37187,11
38923,11
82717,11
97308,11
61937,11
83655,11
02777,11
75980,11
34042,11
43430,11
37048,11
80808,11
39664,11
76071,11
11780,11
50069,11
22974,11
97913,11
38929,11
76426,11
92257,11
15666,11
23514,11
20036,11
93608,11
27052,11
60512,11
95092,11
42025,11
72376,11
20106,11
78205,11
29052,11
05672,11
95213,11
85036,11
06762,10
21871,10
33858,10
11748,10
95216,10
47805,10
16648,10
60042,10
93445,10
05843,10
01583,10
28018,10
85264,10
94556,10
23471,10
43460,10
93626,10
30543,10
29071,10
55046,10
51053,10
08802,10
47142,10
92326,10
71341,10
78127,10
13114,10
80306,10
75120,10
14543,10
48023,10
95553,10
46733,10
28272,10
19330,10
96388,10
27294,10
29465,10
38725,10
78558,10
27247,10
22737,10
16749,10
37329,10
22734,10
27298,10
92172,10
06069,10
64735,10
00804,10
02653,10
16415,10
65325,10
80759,10
72959,10
26547,10
33036,10
32435,10
86005,10
14052,10
45697,10
39152,10
36539,10
79347,10
06420,10
75086,10
15238,10
43793,10
12118,10
32038,10
78341,10
49868,10
94615,10
78234,10
85366,10
78643,10
13669,10
14001,10
24054,10
45891,10
65580,10
62095,10
92368,10
46982,10
97814,10
79102,10
20693,10
44275,10
29419,10
14551,10
93240,10
68347,10
19543,10
82609,10
20609,10
51534,10
41701,10
31250,10
30805,10
80623,10
75073,10
55032,10
05701,10
62454,10
76360,10
01585,10
72638,10
67879,10
27055,10
80951,10
43524,10
37748,10
07303,10
57064,10
49065,10
12751,10
70156,10
62681,10
65234,10
76023,10
17949,10
68008,10
24520,10
48471,10
46082,10
92321,10
07981,10
70896,10
93066,10
72203,10
28222,10
93022,10
33084,10
78039,10
40013,10
08210,10
31622,10
87504,10
53948,10
47532,10
44015,10
77960,10
36749,10
97525,10
72837,10
09140,10
02532,10
26374,10
33694,10
86305,10
10280,10
95562,10
34282,10
56081,10
80939,10
66967,10
94662,10
07444,10
24565,10
85553,10
78375,10
09603,10
47131,10
33766,10
48604,10
45833,10
59903,10
07418,10
92970,10
47586,10
45432,10
39166,10
75559,10
81524,10
53038,10
37462,10
86503,10
98046,10
21284,10
76365,10
38366,10
77443,10
23089,10
24593,10
32624,10
84050,10
75132,10
28516,10
41129,10
55055,10
29847,10
03887,10
27634,10
94508,10
30546,10
30742,10
62992,10
78761,10
95672,10
01473,10
66763,10
10505,10
08887,10
71027,10
03052,10
03049,10
03080,10
60603,10
29836,10
85602,10
62535,10
54615,10
39451,10
71933,10
83672,10
35987,10
14879,10
39330,10
44260,10
15656,10
02339,10
77564,10
07852,10
46401,10
01258,10
66966,10
37766,10
26047,10
70344,10
02645,10
48332,10
01860,10
46975,10
35161,10
97523,10
92877,10
55920,10
45133,10
32878,10
32314,10
78013,10
27507,10
01772,10
64633,10
36009,10
01468,10
93544,10
13752,10
36505,10
20773,10
01754,10
43128,10
21830,10
06333,10
87571,10
18051,10
61919,10
70420,10
00929,10
93267,10
75778,10
87116,10
34196,10
38228,10
80814,10
48429,10
75320,10
72029,10
62466,10
93613,10
18331,10
12084,10
21713,10
63653,10
25235,10
58001,10
61088,9
28665,9
34762,9
55111,9
23221,9
51105,9
70374,9
32425,9
07028,9
95589,9
79370,9
76098,9
83522,9
45369,9
92871,9
44707,9
33247,9
47265,9
76307,9
60957,9
64058,9
18506,9
31219,9
35314,9
30254,9
15089,9
88345,9
78783,9
45107,9
31908,9
32440,9
92088,9
72941,9
79917,9
24892,9
37047,9
40069,9
74080,9
72411,9
56367,9
29171,9
30391,9
90704,9
24426,9
64310,9
32067,9
36124,9
03244,9
95015,9
93661,9
53017,9
61873,9
28380,9
11931,9
55341,9
29928,9
74868,9
93024,9
22404,9
59332,9
55325,9
37738,9
81623,9
81435,9
43567,9
01237,9
87522,9
87325,9
27027,9
71759,9
24731,9
44264,9
01504,9
81125,9
51510,9
39477,9
47670,9
32461,9
35670,9
79252,9
24136,9
11252,9
13326,9
25704,9
52206,9
72124,9
76159,9
03849,9
59527,9
09309,9
65672,9
38653,9
01469,9
35084,9
44837,9
19902,9
74019,9
37019,9
02475,9
28106,9
98035,9
33266,9
23312,9
39483,9
96765,9
22851,9
89153,9
87532,9
95646,9
64855,9
35035,9
56374,9
56501,9
13460,9
23867,9
59044,9
27626,9
68763,9
78004,9
21048,9
83250,9
44410,9
32762,9
48031,9
49304,9
98909,9
25130,9
11529,9
40316,9
61951,9
71268,9
65081,9
47460,9
27875,9
32085,9
70752,9
32341,9
47030,9
48734,9
45327,9
18218,9
21532,9
23888,9
61550,9
36034,9
53508,9
74344,9
37902,9
75421,9
17578,9
17520,9
50568,9
38603,9
77347,9
76545,9
59711,9
37241,9
95951,9
38186,9
31711,9
19450,9
02719,9
23879,9
75420,9
80651,9
01524,9
66013,9
20688,9
46745,9
35549,9
57382,9
55736,9
36562,9
92323,9
06524,9
71294,9
17340,9
34461,9
37030,9
13612,9
39861,9
38760,9
32508,9
12863,9
63877,9
90613,9
95690,9
48809,9
68450,9
54612,9
16127,9
71659,9
42462,9
37202,9
72433,9
32173,9
33099,9
65705,9
17751,9
45690,9
69149,9
66002,9
37663,9
20022,9
18421,9
02563,9
77052,9
70638,9
52057,9
07878,9
01081,9
04434,9
36344,9
75058,9
38939,9
30077,9
01908,9
53583,9
21120,9
08735,9
47102,9
33416,9
37031,9
75932,9
70339,9
43783,9
07756,9
49242,9
76566,9
78944,9
33893,9
66712,9
30001,9
01106,9
44901,9
72078,9
48059,9
96785,9
32881,9
33679,9
60159,9
17764,9
27239,9
74059,9
21557,9
77224,9
35144,9
30387,9
75968,9
20040,9
46627,9
41169,9
29304,9
48123,9
27053,9
47396,9
45810,9
03307,9
68157,9
35951,9
59803,9
49305,9
02648,9
96094,9
57301,9
33836,9
06250,9
12827,9
31418,9
70551,9
60690,9
35503,9
37864,9
65063,9
91410,9
16214,9
49261,9
14464,9
55910,9
49812,9
92619,9
59716,9
31642,9
93204,9
21660,9
71238,9
50567,9
17072,9
18043,9
50036,9
17240,9
17563,9
81082,9
69357,9
47330,9
23837,9
78742,9
08533,9
37401,9
36550,9
90081,9
53237,9
53234,9
06812,9
99209,9
34592,9
24946,9
35171,9
69217,9
13833,9
45381,9
94361,9
30725,9
29320,9
12887,9
78714,9
64841,9
20776,9
72176,9
52205,9
97530,9
60627,9
32130,9
16201,9
06574,9
72663,9
76840,9
11653,9
52046,9
72081,9
98063,9
92617,9
72923,9
28759,9
49046,9
37760,9
55976,9
95613,9
30026,9
52655,9
66039,9
30456,9
29929,9
20762,9
31637,9
29290,9
17582,9
53818,9
04236,9
38375,9
15126,9
78805,9
20909,9
27873,9
53523,9
14807,9
33890,9
75683,9
15683,9
73025,9
28768,9
84036,9
55017,9
72006,9
75937,9
02061,9
38483,9
44041,9
95294,9
72010,9
75750,9
48064,9
60138,9
49117,9
20758,9
43216,9
05495,9
28594,9
48427,9
44452,9
21767,9
60408,9
31830,9
74956,9
35957,9
79365,9
24077,9
48049,9
49735,9
35097,9
38562,9
33242,9
13413,9
85755,9
35578,9
35469,9
20622,9
78733,9
37074,9
60180,9
01101,9
70356,9
30545,9
75245,9
85623,9
38469,9
75029,9
46801,9
36276,9
12157,9
71256,9
36616,9
30615,9
30547,9
27820,9
75426,9
08756,9
92531,9
85274,9
63070,9
76682,9
53570,9
97089,8
93953,8
06035,8
77491,8
78860,8
64505,8
61956,8
06071,8
84131,8
41144,8
48065,8
22183,8
60481,8
47601,8
89173,8
38080,8
95830,8
37336,8
14830,8
67042,8
43061,8
56575,8
76758,8
82433,8
28690,8
68113,8
01518,8
31806,8
66505,8
78763,8
06447,8
65772,8
31067,8
53534,8
33738,8
59019,8
27299,8
29265,8
35905,8
36013,8
10292,8
78619,8
53959,8
58220,8
22488,8
94535,8
74467,8
49083,8
81149,8
43310,8
67005,8
07702,8
70082,8
60437,8
40962,8
56003,8
83676,8
97444,8
45612,8
43953,8
48624,8
78594,8
84784,8
04841,8
23954,8
67101,8
73552,8
74756,8
66402,8
53949,8
34713,8
33585,8
33595,8
21817,8
80444,8
03276,8
27954,8
56721,8
10042,8
49010,8
49097,8
20725,8
04002,8
32215,8
12239,8
02338,8
92193,8
98596,8
53104,8
92060,8
20004,8
35619,8
56156,8
38621,8
63823,8
30361,8
02806,8
45807,8
78008,8
97031,8
67156,8
92282,8
35131,8
77962,8
32445,8
95344,8
93523,8
29230,8
36361,8
01949,8
40513,8
07295,8
27050,8
73156,8
77883,8
38947,8
38835,8
52540,8
01523,8
41094,8
17372,8
10050,8
61764,8
47124,8
28584,8
48650,8
74426,8
98294,8
63866,8
32710,8
20117,8
35294,8
72231,8
08406,8
95609,8
44481,8
24343,8
93614,8
18925,8
71325,8
62373,8
30055,8
75187,8
37186,8
75376,8
79853,8
77857,8
46987,8
71845,8
83628,8
48179,8
37617,8
96273,8
82514,8
21754,8
12523,8
67031,8
45345,8
40729,8
95427,8
86413,8
45663,8
17566,8
79357,8
29435,8
32579,8
54121,8
16625,8
11243,8
38124,8
80611,8
98934,8
54409,8
27694,8
75124,8
02191,8
36035,8
04938,8
21022,8
44215,8
49460,8
60553,8
60203,8
27920,8
07456,8
71030,8
76557,8
71221,8
21625,8
62263,8
49837,8
08501,8
07924,8
25085,8
72372,8
36026,8
96326,8
31007,8
02462,8
42280,8
75462,8
33621,8
60557,8
12404,8
02353,8
23148,8
61833,8
30521,8
95942,8
97370,8
15909,8
32192,8
69022,8
17551,8
60708,8
06357,8
21770,8
61061,8
47932,8
07830,8
68787,8
36366,8
72336,8
05777,8
53086,8
81452,8
34224,8
32854,8
37229,8
34270,8
17321,8
50138,8
48821,8
71953,8
00824,8
28119,8
49127,8
46308,8
71860,8
00910,8
27325,8
20754,8
33653,8
99114,8
04530,8
35458,8
38776,8
94022,8
77446,8
96667,8
33218,8
32838,8
00908,8
43145,8
68527,8
22824,8
75374,8
31081,8
15232,8
62262,8
47042,8
67202,8
11022,8
93518,8
22578,8
35548,8
72722,8
71113,8
71962,8
03598,8
04274,8
71237,8
53039,8
00000,8
31549,8
21619,8
70559,8
71675,8
09128,8
77512,8
20824,8
79043,8
32709,8
49064,8
49269,8
78569,8
62265,8
52003,8
23423,8
96319,8
73113,8
31328,8
25831,8
73601,8
54971,8
65610,8
28751,8
37863,8
52159,8
99693,8
70836,8
12170,8
73647,8
32336,8
53085,8
03446,8
31534,8
43360,8
29676,8
85038,8
94026,8
02827,8
56379,8
71837,8
96743,8
93437,8
93912,8
15229,8
32105,8
02660,8
17910,8
08203,8
49285,8
33650,8
33338,8
78631,8
37618,8
92363,8
36850,8
96322,8
22199,8
12742,8
02108,7
71266,7
31411,7
36087,7
28033,7
48502,7
75440,7
82414,7
03467,7
33041,7
87825,7
06374,7
17020,7
21152,7
77603,7
03032,7
68048,7
71067,7
64104,7
22844,7
75099,7
54656,7
45769,7
98812,7
82834,7
97538,7
36579,7
49129,7
55705,7
22610,7
85069,7
90000,7
74525,7
20860,7
84629,7
17322,7
06479,7
00741,7
77257,7
48070,7
92347,7
34376,7
52208,7
72358,7
14489,7
46061,7
32066,7
34158,7
71909,7
13783,7
01521,7
89151,7
48325,7
28779,7
36578,7
49412,7
92607,7
30170,7
73728,7
39363,7
38392,7
24505,7
21913,7
22027,7
23438,7
81321,7
22436,7
22715,7
14414,7
02330,7
28465,7
54614,7
17821,7
37307,7
53018,7
89815,7
67661,7
94522,7
65072,7
10285,7
50519,7
95151,7
35223,7
76932,7
33152,7
25825,7
05733,7
18071,7
38802,7
73644,7
35060,7
68065,7
46793,7
92055,7
80107,7
61362,7
80734,7
70391,7
48647,7
23327,7
82930,7
91707,7
44288,7
98840,7
96777,7
14787,7
71003,7
84648,7
39215,7
17963,7
73016,7
28638,7
07758,7
85318,7
46391,7
77228,7
76430,7
21705,7
43109,7
14065,7
11491,7
23244,7
49333,7
32195,7
75140,7
13135,7
62052,7
36768,7
32169,7
16870,7
25313,7
20129,7
78164,7
65588,7
29438,7
93385,7
23313,7
25071,7
08350,7
21930,7
07027,7
53182,7
49236,7
44683,7
27438,7
93389,7
93272,7
17233,7
83801,7
20101,7
37381,7
53118,7
76692,7
55748,7
81425,7
75015,7
38659,7
08036,7
71832,7
02882,7
30159,7
91222,7
72374,7
46761,7
33918,7
98625,7
37011,7
23922,7
31775,7
46301,7
39067,7
54720,7
00647,7
67550,7
29528,7
76921,7
53578,7
99159,7
66206,7
75566,7
93546,7
16242,7
36269,7
15944,7
70085,7
08815,7
73165,7
33847,7
30939,7
23024,7
48068,7
30994,7
02205,7
32867,7
62527,7
92728,7
97707,7
11430,7
29911,7
14843,7
59401,7
20658,7
35563,7
64085,7
17737,7
98014,7
04694,7
29370,7
68979,7
28789,7
78680,7
50677,7
93234,7
25446,7
12946,7
21802,7
45669,7
32236,7
44704,7
72753,7
48744,7
34280,7
29444,7
87125,7
95663,7
22604,7
32706,7
85735,7
13862,7
77305,7
92445,7
76530,7
94562,7
89411,7
81419,7
20146,7
32040,7
28542,7
72217,7
99611,7
00988,7
21025,7
11386,7
07716,7
35229,7
76458,7
46444,7
47989,7
72157,7
23960,7
44442,7
32147,7
44444,7
71676,7
77487,7
75936,7
85064,7
98672,7
91917,7
94525,7
85502,7
80215,7
38833,7
54986,7
32027,7
65757,7
04090,7
45409,7
23175,7
37380,7
65622,7
50003,7
73526,7
97457,7
79086,7
37356,7
24293,7
28341,7
49461,7
46520,7
20818,7
25840,7
46703,7
36331,7
95669,7
54482,7
83318,7
07931,7
55805,7
76649,7
80938,7
46036,7
03590,7
14063,7
16232,7
71764,7
27846,7
94990,7
37098,7
39886,7
38367,7
83350,7
55359,7
30256,7
33684,7
17886,7
77549,7
07821,7
56542,7
36536,7
64485,7
23432,7
46290,7
65542,7
39534,7
30535,7
29679,7
75852,7
31553,7
19612,7
35227,7
34101,7
30663,7
87042,7
92079,7
18087,7
01730,7
08946,7
76241,7
05753,7
10891,7
42286,7
65548,7
15021,7
43723,7
45817,7
44865,7
54848,7
74362,7
47043,7
23934,7
23487,7
62565,7
28793,7
08058,7
07826,7
08204,7
20764,7
12201,7
70079,7
03841,7
22949,7
14470,7
01571,7
57769,7
32611,7
38661,7
38326,7
02715,7
27349,7
84317,7
29426,7
46737,7
98815,7
75355,7
18079,7
21032,7
18617,7
96915,7
41653,7
02770,7
38088,7
07857,7
18625,7
61883,7
16423,7
85615,7
63127,7
95614,7
30284,7
12025,7
92822,7
94365,6
70795,6
11227,6
27356,6
46310,6
61858,6
39462,6
67133,6
07439,6
95218,6
33845,6
34717,6
78886,6
93016,6
80515,6
27117,6
50536,6
36436,6
08839,6
52749,6
49660,6
70450,6
96371,6
25320,6
48244,6
59632,6
98070,6
52556,6
88241,6
63012,6
33202,6
58785,6
31787,6
59022,6
30282,6
60043,6
33205,6
12455,6
14802,6
78562,6
06689,6
15094,6
74848,6
37860,6
97386,6
71227,6
07863,6
07934,6
64834,6
17981,6
12763,6
89191,6
07850,6
61016,6
18708,6
14219,6
43146,6
55056,6
75946,6
60022,6
55807,6
94930,6
72834,6
54112,6
16830,6
29451,6
95446,6
04097,6
62995,6
99027,6
14702,6
20197,6
50643,6
09180,6
72045,6
16438,6
40008,6
98589,6
49696,6
18058,6
39737,6
30471,6
67732,6
60949,6
95321,6
44681,6
65769,6
75850,6
18614,6
10502,6
50169,6
30426,6
23460,6
58054,6
42020,6
70373,6
03885,6
50112,6
70531,6
99513,6
89036,6
86432,6
09622,6
38160,6
57438,6
14882,6
93634,6
67865,6
91336,6
80751,6
92581,6
56750,6
28815,6
36513,6
98024,6
75938,6
78500,6
99357,6
73448,6
65452,6
92500,6
33698,6
33824,6
30262,6
05759,6
74941,6
85631,6
10747,6
92295,6
72020,6
46432,6
80135,6
10168,6
93513,6
78646,6
09227,6
76916,6
68405,6
39356,6
85246,6
25434,6
34949,6
81416,6
33245,6
27568,6
16125,6
71367,6
30330,6
48808,6
50704,6
47012,6
68748,6
26753,6
30818,6
81428,6
08607,6
74953,6
73651,6
52224,6
49254,6
24450,6
53324,6
11962,6
08560,6
98041,6
43326,6
95709,6
54405,6
20861,6
76149,6
80914,6
12075,6
96910,6
72047,6
73832,6
91330,6
17066,6
31025,6
28177,6
71447,6
27528,6
33427,6
54923,6
10510,6
80217,6
85608,6
48320,6
50273,6
37052,6
31759,6
60470,6
75031,6
76802,6
68004,6
29942,6
83803,6
27899,6
71419,6
91358,6
37871,6
68791,6
13667,6
54474,6
76890,6
00916,6
62852,6
31623,6
98855,6
76019,6
15632,6
28449,6
51442,6
65774,6
05443,6
40255,6
74436,6
98009,6
91788,6
16501,6
02857,6
88048,6
08341,6
30271,6
75379,6
75472,6
22812,6
77872,6
93275,6
30413,6
07507,6
61310,6
52339,6
27229,6
32180,6
71657,6
32175,6
23881,6
74422,6
28331,6
93652,6
33994,6
76366,6
24630,6
23396,6
12594,6
71422,6
56085,6
56171,6
35188,6
46634,6
59421,6
31218,6
83619,6
46437,6
98315,6
76632,6
24528,6
03070,6
77315,6
70644,6
49235,6
76225,6
65761,6
75923,6
95316,6
85739,6
96297,6
02633,6
92798,6
30348,6
75452,6
19176,6
86321,6
37687,6
10596,6
85726,6
89136,6
91395,6
27817,6
73070,6
92413,6
30516,6
34778,6
49197,6
16925,6
72462,6
91944,6
98355,6
38925,6
70442,6
45121,6
80433,6
94644,6
99204,6
31402,6
17236,6
80305,6
81631,6
49237,6
73045,6
92258,6
22644,6
21233,6
54241,6
78597,6
01069,6
13856,6
04347,6
72823,6
37374,6
47918,6
17350,6
99574,6
49935,6
97624,6
34701,6
33960,6
37022,6
83101,6
04364,6
07669,6
63353,6
44078,6
66725,6
95423,6
48817,6
68418,6
02873,6
21673,6
43307,6
31075,6
18624,6
14433,6
74955,6
02659,6
95623,6
78873,6
62216,6
80155,6
86315,6
06338,6
98576,6
30399,6
53328,6
91617,6
73541,6
28102,6
39332,6
77522,6
29861,6
03253,6
81089,6
45660,6
70354,6
15431,6
15545,6
92654,6
04402,6
84048,6
79063,6
12149,6
67029,6
13739,6
83445,6
94027,6
76680,6
17018,6
82331,6
33481,6
38137,6
33506,6
03581,6
18709,6
31648,6
48732,6
28631,6
22709,6
08001,6
27967,6
66538,6
32902,6
15067,6
71640,6
22125,6
93729,6
29077,6
70310,6
93604,6
07641,6
35479,6
14706,6
56011,6
43813,6
17676,6
75711,6
31638,6
75740,6
77251,6
90295,6
63089,6
33930,6
27538,6
33961,6
30145,6
08951,6
19712,6
16866,6
48383,6
15472,6
93651,6
17555,6
61240,6
61003,6
55079,6
28675,6
80962,6
92038,6
57059,6
18955,6
64744,6
11786,6
31544,6
78839,6
89703,6
18434,6
61284,6
12167,6
51230,6
77975,6
35962,6
35403,6
38852,6
22482,6
70543,6
72740,6
00981,6
33926,6
06883,6
01226,6
74447,6
59427,6
37103,6
45056,6
85533,6
97914,6
87047,6
49451,6
44226,6
33192,6
98612,6
18120,6
93656,6
74867,6
68524,6
05661,6
32951,6
77263,6
42642,6
49707,6
24202,6
13788,6
30738,6
56026,6
78384,6
81024,6
37809,6
85702,6
49679,6
14505,6
39351,6
37424,6
54961,6
68508,6
42343,6
32421,6
26261,6
49408,6
04579,6
03878,6
54161,6
48607,6
91943,6
29655,6
53920,6
02071,6
71061,6
29331,6
85287,6
06370,6
72003,6
66901,6
87068,6
62963,6
70796,6
42122,6
88024,6
77456,6
49911,6
92166,6
28221,6
35031,6
68023,6
67650,6
66616,6
36456,6
35742,6
76630,6
77326,6
01481,6
80642,6
01432,6
15521,6
46264,6
66434,6
48054,6
92502,6
45645,6
39162,6
61020,6
54020,6
14806,6
29905,6
78377,6
70468,6
29544,6
43777,6
34460,6
22331,6
65674,6
13778,6
91951,6
38313,6
54443,6
80133,6
42601,6
33715,6
71331,6
78674,6
14057,6
37820,6
22652,6
98606,6
25678,6
11509,6
30629,6
95653,6
71039,6
50046,6
32896,6
17048,6
55720,6
72324,6
48801,6
95437,6
94658,6
37890,6
85429,6
02726,5
36831,5
32627,5
55390,5
93954,5
05201,5
30571,5
89316,5
70404,5
52233,5
49849,5
15461,5
31403,5
89053,5
92309,5
38873,5
79339,5
02558,5
43566,5
10518,5
19390,5
06247,5
04079,5
67665,5
98295,5
57717,5
20189,5
33357,5
03042,5
55760,5
81621,5
74047,5
94502,5
34605,5
60146,5
14519,5
56537,5
78940,5
99287,5
59635,5
67460,5
48190,5
56043,5
89423,5
77210,5
01450,5
20677,5
35910,5
01077,5
26571,5
04981,5
29361,5
72051,5
17842,5
95723,5
41164,5
49283,5
45304,5
85403,5
10532,5
22454,5
37686,5
48750,5
66610,5
87410,5
01566,5
33045,5
84532,5
18913,5
77777,5
74119,5
98363,5
48895,5
49677,5
77805,5
92823,5
57738,5
78755,5
35098,5
76660,5
54738,5
01247,5
50056,5
10556,5
93352,5
37101,5
42376,5
97505,5
45064,5
21069,5
75178,5
34505,5
53037,5
44231,5
75046,5
85256,5
75856,5
49453,5
75127,5
08851,5
04979,5
73459,5
48848,5
48609,5
16137,5
95319,5
19109,5
14042,5
91719,5
38449,5
17922,5
28572,5
02912,5
67361,5
59873,5
78881,5
97417,5
13078,5
03269,5
26142,5
01522,5
20757,5
04252,5
75675,5
02421,5
61841,5
39284,5
07015,5
16323,5
14048,5
77592,5
87567,5
21640,5
32385,5
28424,5
37642,5
81652,5
90835,5
65648,5
66609,5
61074,5
33780,5
49255,5
03084,5
48246,5
31040,5
21758,5
93390,5
29705,5
82401,5
78025,5
29606,5
49701,5
38556,5
28137,5
02817,5
98831,5
99567,5
71403,5
06018,5
23927,5
49420,5
20791,5
23897,5
75846,5
06371,5
24330,5
17702,5
66701,5
16157,5
44081,5
06798,5
03857,5
38623,5
26060,5
63023,5
11796,5
07946,5
27419,5
33475,5
02822,5
61072,5
76062,5
12466,5
44813,5
72354,5
28053,5
36371,5
03821,5
65706,5
79855,5
08804,5
75066,5
73626,5
32845,5
13357,5
90075,5
28555,5
78288,5
85252,5
95227,5
63837,5
22821,5
76264,5
31796,5
17756,5
44432,5
15853,5
40019,5
72042,5
61356,5
86402,5
84319,5
35986,5
14101,5
44814,5
61561,5
55903,5
84647,5
25938,5
73153,5
13668,5
20731,5
42041,5
30105,5
72543,5
00799,5
98563,5
43515,5
97731,5
86021,5
28646,5
00733,5
21639,5
15613,5
24137,5
63966,5
46992,5
41072,5
67215,5
14810,5
54542,5
15907,5
16635,5
84738,5
44443,5
32353,5
96517,5
30226,5
10008,5
68434,5
32872,5
17856,5
31772,5
98325,5
20006,5
98239,5
33622,5
91503,5
13795,5
75838,5
98639,5
67025,5
31038,5
69301,5
90209,5
36916,5
30304,5
55334,5
48303,5
43443,5
45309,5
62298,5
85002,5
53576,5
70247,5
06078,5
75973,5
66749,5
72921,5
16354,5
47441,5
46411,5
61772,5
37180,5
23414,5
03835,5
46419,5
54001,5
68528,5
27567,5
23830,5
68310,5
75157,5
79253,5
25560,5
08641,5
25276,5
75004,5
23963,5
30000,5
79782,5
01128,5
47394,5
94707,5
39866,5
38558,5
19028,5
10150,5
11718,5
17098,5
53555,5
36271,5
43468,5
47356,5
44255,5
01431,5
32565,5
80535,5
65020,5
93584,5
36205,5
72736,5
10590,5
88013,5
63766,5
07976,5
94038,5
43465,5
59911,5
55040,5
83638,5
29712,5
57716,5
22116,5
94088,5
77454,5
88330,5
07037,5
11944,5
26187,5
50140,5
32879,5
48142,5
10649,5
56573,5
64101,5
94940,5
74647,5
65459,5
80421,5
98323,5
28624,5
32120,5
48878,5
48014,5
34174,5
56406,5
93456,5
57049,5
53910,5
95335,5
97228,5
16407,5
28406,5
00604,5
06279,5
17562,5
78118,5
32580,5
39824,5
44076,5
62505,5
92398,5
65608,5
49757,5
18326,5
50864,5
94708,5
92842,5
92092,5
54113,5
35984,5
35057,5
38460,5
64163,5
60966,5
13407,5
70059,5
05641,5
50324,5
84678,5
24471,5
33931,5
67456,5
26351,5
49337,5
76323,5
28582,5
26452,5
07509,5
97381,5
72351,5
93246,5
24801,5
06249,5
53021,5
39760,5
41045,5
32328,5
65619,5
08226,5
77616,5
06896,5
20582,5
39901,5
53183,5
71725,5
43151,5
39163,5
32178,5
34441,5
96315,5
91327,5
60948,5
70004,5
55454,5
52742,5
22463,5
70096,5
17370,5
98687,5
10709,5
94305,5
56511,5
65715,5
62573,5
29079,5
62821,5
08221,5
63382,5
95916,5
90239,5
05764,5
92112,5
96035,5
15717,5
54546,5
12547,5
54154,5
54747,5
45002,5
93926,5
41465,5
21795,5
44086,5
36316,5
33198,5
30176,5
34143,5
33818,5
38951,5
33672,5
89094,5
02790,5
22840,5
35983,5
98850,5
32752,5
26159,5
86511,5
15139,5
83851,5
19567,5
49801,5
76371,5
72107,5
20813,5
34954,5
06525,5
59860,5
90078,5
03824,5
38952,5
61523,5
21005,5
36302,5
15405,5
40831,5
63764,5
32053,5
58045,5
64037,5
84320,5
54024,5
18657,5
73439,5
42712,5
43121,5
36042,5
55746,5
97038,5
93553,5
56468,4
04915,4
52809,4
14589,4
77266,4
40155,4
70181,4
17301,4
22803,4
21821,4
27555,4
49079,4
55803,4
95352,4
77470,4
60421,4
02898,4
34745,4
91224,4
76861,4
73527,4
34449,4
12498,4
22544,4
43086,4
93062,4
21756,4
62428,4
13617,4
95378,4
30112,4
62837,4
94104,4
33742,4
73007,4
89126,4
71211,4
54111,4
04622,4
01337,4
44680,4
32732,4
03237,4
83274,4
46247,4
95635,4
33608,4
93249,4
51239,4
22947,4
60716,4
24076,4
39427,4
87420,4
42445,4
98826,4
41016,4
12758,4
23310,4
20786,4
48248,4
96551,4
86046,4
19562,4
63038,4
85137,4
01096,4
31807,4
73542,4
86320,4
12037,4
66409,4
02007,4
98339,4
32524,4
83340,4
41179,4
37145,4
53048,4
53181,4
31059,4
64078,4
33514,4
47620,4
78145,4
33674,4
95436,4
63357,4
35648,4
77742,4
37166,4
47348,4
97759,4
29638,4
08535,4
65049,4
90060,4
49516,4
71222,4
35063,4
59524,4
49348,4
33116,4
48623,4
28335,4
63348,4
28468,4
81506,4
46167,4
95033,4
12913,4
95960,4
23083,4
07046,4
11785,4
97374,4
37322,4
46160,4
47597,4
29484,4
54636,4
02825,4
33682,4
02791,4
18917,4
45338,4
89132,4
81632,4
98346,4
36875,4
92174,4
76945,4
28777,4
37880,4
15370,4
54568,4
62458,4
20703,4
98329,4
70429,4
95542,4
12937,4
52411,4
48621,4
44827,4
68376,4
25285,4
71720,4
64601,4
37705,4
54868,4
41240,4
23944,4
81505,4
30420,4
25703,4
32856,4
38337,4
33583,4
95019,4
04043,4
92850,4
27611,4
36689,4
71135,4
14692,4
66086,4
17339,4
97487,4
24333,4
49319,4
24430,4
44253,4
26704,4
79014,4
05101,4
00640,4
97204,4
96349,4
93602,4
60819,4
54767,4
97544,4
52656,4
30636,4
19506,4
05602,4
97630,4
46120,4
12062,4
28310,4
23465,4
54460,4
02644,4
35769,4
62016,4
02323,4
29423,4
14036,4
18642,4
05468,4
27269,4
84314,4
94595,4
63049,4
63032,4
67410,4
54530,4
35112,4
89420,4
87417,4
72384,4
96143,4
47868,4
14548,4
28731,4
63035,4
27852,4
28077,4
72437,4
92085,4
63645,4
02364,4
72106,4
02420,4
17519,4
53128,4
46624,4
07023,4
97503,4
05906,4
42261,4
95010,4
14033,4
62236,4
37020,4
32699,4
93271,4
31562,4
48144,4
34712,4
67882,4
65255,4
35959,4
39130,4
77363,4
92609,4
30502,4
96752,4
55753,4
14571,4
46660,4
34229,4
08740,4
45771,4
45401,4
43046,4
15050,4
28282,4
44513,4
28701,4
78462,4
13421,4
34760,4
28124,4
07704,4
23829,4
72031,4
98496,4
23103,4
57732,4
30996,4
23457,4
66018,4
16640,4
41092,4
71024,4
97496,4
60696,4
42743,4
32728,4
72744,4
37725,4
76311,4
20598,4
39309,4
45407,4
52753,4
37419,4
42567,4
60119,4
25213,4
49643,4
20759,4
76577,4
13491,4
54162,4
42171,4
23821,4
92338,4
37083,4
49030,4
04027,4
30641,4
56058,4
36461,4
33438,4
43549,4
04263,4
85344,4
61702,4
30584,4
98320,4
20676,4
48756,4
20742,4
24064,4
33806,4
11325,4
85636,4
59923,4
07423,4
32096,4
32774,4
95444,4
04864,4
99712,4
37012,4
10577,4
95918,4
61254,4
65337,4
77861,4
46122,4
02571,4
89410,4
76068,4
04015,4
29417,4
33879,4
75012,4
92145,4
34305,4
63091,4
29105,4
35238,4
18044,4
72687,4
04457,4
98857,4
50450,4
97119,4
02814,4
46506,4
93434,4
20198,4
29442,4
27594,4
99341,4
48733,4
73026,4
46635,4
30003,4
75651,4
16912,4
27283,4
43071,4
29816,4
47232,4
31560,4
32761,4
75664,4
14772,4
08855,4
11387,4
91769,4
81141,4
54724,4
49345,4
63177,4
61760,4
91357,4
20807,4
07717,4
38954,4
31795,4
66070,4
27946,4
31421,4
44047,4
37050,4
36785,4
47553,4
37683,4
83715,4
53255,4
22713,4
28556,4
87062,4
44833,4
60474,4
26525,4
39620,4
05769,4
64021,4
71206,4
55917,4
97403,4
49435,4
24991,4
31414,4
26050,4
30952,4
96931,4
63389,4
83316,4
54208,4
50461,4
98077,4
61410,4
62675,4
95375,4
17309,4
98304,4
97394,4
12250,4
77147,4
04978,4
02167,4
77671,4
92382,4
28678,4
56441,4
89124,4
04950,4
81226,4
14487,4
13068,4
34264,4
62410,4
12944,4
38230,4
06612,4
95311,4
95228,4
82637,4
46550,4
95604,4
49835,4
07750,4
61880,4
47903,4
74026,4
90306,4
35318,4
52040,4
18431,4
56572,4
05676,4
00902,4
33199,4
79241,4
95470,4
62881,4
15527,4
95611,4
59868,4
35980,4
56096,4
66524,4
60109,4
81624,4
16878,4
60520,4
02892,4
27213,4
04107,4
58233,4
25019,4
94656,4
58077,4
88230,4
63188,4
44044,4
38764,4
95763,4
49251,4
72519,4
12481,4
31310,4
64148,4
13365,4
30242,4
97497,4
12585,4
67301,4
74301,4
92817,4
94261,4
12828,4
38059,4
38076,4
62557,4
09263,4
12959,4
62450,4
36442,4
66054,4
98674,4
57053,4
38917,4
35143,4
93032,4
31699,4
71284,4
85901,4
75568,4
10953,4
74834,4
84049,4
70158,4
57005,4
46923,4
32976,4
19951,4
20645,4
32154,4
63852,4
37641,4
28266,4
56531,4
52446,4
76547,4
77272,4
77218,4
04049,4
68103,4
96337,4
07113,4
07311,4
64141,4
44445,4
43469,4
92036,4
78623,4
12443,4
20736,4
04250,4
23463,4
15670,4
62353,4
13811,4
78605,4
97027,4
66547,4
37769,4
42633,4
01560,4
75555,4
15440,4
78371,4
98537,4
74730,4
18703,4
63072,4
30624,4
37708,4
80547,4
40336,4
13754,4
76472,4
64761,4
99686,4
23872,4
52410,4
43315,4
30275,4
90223,4
20143,4
30710,4
55008,4
45822,4
44621,4
07823,4
71149,4
23840,4
66283,4
27675,4
74085,4
17241,4
47725,4
84315,4
40347,4
43234,4
13339,4
60081,4
08026,4
54454,4
40906,4
75437,4
19043,4
36471,4
75339,4
87193,4
03753,4
08754,4
77252,4
42539,4
31333,3
98843,3
45880,3
64146,3
29522,3
33804,3
44864,3
89702,3
70741,3
49070,3
17352,3
90978,3
58271,3
03031,3
15444,3
84112,3
13478,3
93524,3
45895,3
12572,3
93924,3
79929,3
69367,3
28296,3
47369,3
28297,3
54893,3
43532,3
98359,3
98253,3
30359,3
49023,3
78716,3
39643,3
38220,3
33671,3
48006,3
55013,3
18502,3
62684,3
37025,3
64199,3
59262,3
17960,3
71416,3
75097,3
31053,3
32834,3
38383,3
66071,3
45999,3
96872,3
39070,3
77553,3
10041,3
14111,3
13220,3
32171,3
04441,3
11026,3
60444,3
15349,3
23613,3
34199,3
06475,3
93538,3
71171,3
78553,3
86085,3
37806,3
39573,3
87521,3
98807,3
70580,3
72512,3
29519,3
45101,3
28702,3
19871,3
29469,3
29634,3
08751,3
95269,3
83636,3
66439,3
36761,3
19369,3
13661,3
15714,3
96713,3
39289,3
63077,3
77227,3
39060,3
26601,3
11548,3
30394,3
97392,3
96717,3
14735,3
65689,3
13037,3
36702,3
12198,3
93942,3
89054,3
64181,3
58656,3
51249,3
95631,3
49718,3
38940,3
44652,3
54452,3
33638,3
69162,3
90741,3
73438,3
25969,3
80447,3
08848,3
88022,3
04675,3
20670,3
44609,3
35876,3
31749,3
45844,3
46777,3
61329,3
13217,3
77427,3
45387,3
25702,3
72129,3
60662,3
72416,3
49829,3
93222,3
50237,3
71862,3
60499,3
32359,3
91031,3
20779,3
70170,3
89039,3
54035,3
13660,3
48308,3
15311,3
81639,3
42036,3
29921,3
15305,3
68339,3
06134,3
33052,3
48416,3
31285,3
44809,3
25827,3
71162,3
29058,3
47978,3
74864,3
33748,3
24127,3
70571,3
08627,3
53595,3
42378,3
32603,3
28353,3
55934,3
48755,3
07593,3
04555,3
61910,3
61957,3
42369,3
07977,3
88115,3
07983,3
88072,3
44309,3
79346,3
18248,3
61933,3
28402,3
77466,3
33886,3
22939,3
85708,3
98548,3
70712,3
01038,3
37950,3
23806,3
76828,3
65018,3
04039,3
20717,3
42040,3
98601,3
77870,3
23844,3
93667,3
31085,3
70704,3
59804,3
55006,3
33902,3
03602,3
23015,3
80720,3
46286,3
41230,3
74081,3
79848,3
30300,3
85837,3
29200,3
45154,3
13142,3
40055,3
30735,3
25906,3
92616,3
97634,3
55927,3
76243,3
92178,3
59225,3
27411,3
36568,3
96729,3
14032,3
08362,3
39662,3
34962,3
56082,3
16049,3
26164,3
65355,3
55328,3
38463,3
30264,3
06232,3
51454,3
71046,3
73734,3
94515,3
77369,3
53120,3
01460,3
13035,3
72260,3
72177,3
34404,3
16828,3
62476,3
17323,3
32337,3
74153,3
42762,3
54234,3
43760,3
18105,3
12486,3
39400,3
71065,3
88124,3
24251,3
26847,3
72840,3
29137,3
74851,3
98505,3
82721,3
02303,3
06092,3
77432,3
63363,3
49302,3
17405,3
98528,3
49028,3
39412,3
33201,3
36304,3
84325,3
02179,3
72682,3
80277,3
86035,3
04924,3
62222,3
78853,3
74901,3
40759,3
53551,3
53922,3
82240,3
45250,3
91905,3
38302,3
17320,3
11504,3
07544,3
55384,3
84130,3
81143,3
76130,3
18446,3
08130,3
76877,3
68341,3
33120,3
28508,3
73124,3
59720,3
77213,3
33656,3
12839,3
18343,3
16802,3
14047,3
22620,3
38218,3
54813,3
42078,3
79378,3
94807,3
13662,3
65606,3
18438,3
95684,3
08903,3
35148,3
49107,3
16654,3
63656,3
07516,3
28554,3
77847,3
03755,3
35407,3
40387,3
38935,3
39502,3
74437,3
27947,3
21057,3
78608,3
04239,3
05489,3
33488,3
49312,3
46960,3
19453,3
78005,3
01770,3
29106,3
33466,3
14006,3
50585,3
23878,3
49130,3
45171,3
92150,3
56037,3
38943,3
95454,3
37742,3
63862,3
07045,3
93562,3
22932,3
02534,3
96376,3
76136,3
04431,3
54871,3
12762,3
32972,3
87305,3
98333,3
32072,3
90406,3
97443,3
31729,3
28019,3
80435,3
95804,3
96370,3
33882,3
20687,3
62626,3
29603,3
17740,3
46248,3
11471,3
78655,3
45160,3
18220,3
93335,3
11802,3
30600,3
12846,3
16403,3
32138,3
45614,3
48287,3
61727,3
23160,3
29404,3
83209,3
50213,3
37367,3
87544,3
87020,3
31107,3
20875,3
78609,3
49284,3
38946,3
39217,3
28619,3
66542,3
63014,3
11202,3
54025,3
55804,3
42241,3
80934,3
78933,3
86331,3
76046,3
34768,3
96730,3
36812,3
62022,3
71307,3
89021,3
73662,3
67110,3
50833,3
95664,3
30142,3
27116,3
76606,3
11745,3
20043,3
74434,3
43748,3
31555,3
10489,3
77574,3
65540,3
70830,3
53517,3
27123,3
08252,3
28248,3
12972,3
27824,3
43138,3
77835,3
59752,3
49676,3
42757,3
09142,3
13350,3
47462,3
79079,3
04468,3
12458,3
47017,3
29802,3
48841,3
71392,3
63822,3
27602,3
98511,3
76004,3
72824,3
56173,3
54963,3
92160,3
71441,3
74650,3
70596,3
92518,3
93540,3
80816,3
71083,3
47971,3
55336,3
53126,3
39425,3
83856,3
01375,3
39703,3
06047,3
03860,3
19404,3
53035,3
22716,3
17306,3
82072,3
99347,3
33489,3
37361,3
28867,3
93609,3
38688,3
77458,3
92836,3
40769,3
43334,3
63876,3
39210,3
30627,3
08095,3
72320,3
11241,3
95103,3
34963,3
72403,3
35006,3
11978,3
33448,3
09103,3
50662,3
70606,3
60405,3
11969,3
16428,3
03045,3
49057,3
14037,3
72554,3
91495,3
25951,3
77948,3
30063,3
92632,3
72905,3
27579,3
35701,3
44878,3
38812,3
37345,3
71361,3
77337,3
29504,3
75560,3
42406,3
70602,3
70631,3
08326,3
10919,3
85267,3
70628,3
38451,3
71414,3
08720,3
70792,3
40977,3
76750,3
27819,3
62439,3
71008,3
43321,3
76950,3
63158,3
72332,3
71034,3
33915,3
76534,3
68010,3
02963,3
28626,3
11350,3
30523,3
97112,3
24147,3
62603,3
37365,3
18240,3
61042,3
24224,3
39054,3
99694,3
36132,3
79229,3
03810,3
48292,3
91026,3
43260,3
03258,3
44032,3
28423,3
93407,3
58544,3
09627,3
01588,3
79768,3
01506,3
70069,3
58838,3
32334,3
18333,3
29813,3
97288,3
28015,3
34162,3
52101,3
98209,3
45254,3
49033,3
52310,3
74330,3
43105,3
38670,3
30555,3
76569,3
59068,3
33380,3
62908,3
42053,3
40337,3
55731,3
69153,3
61559,3
27281,3
21281,3
77420,3
81410,3
96151,3
31733,3
44273,3
10081,3
20825,3
35814,3
37077,3
10574,3
84710,3
75303,3
16417,3
33207,3
38674,3
85937,3
72419,3
14004,3
77649,3
81067,3
53518,3
43935,3
16365,3
95629,3
71357,3
53002,3
05829,3
84002,3
78950,3
67236,3
33507,3
14132,3
27964,3
64312,3
84771,3
29294,3
43102,3
80422,3
77615,3
94939,3
25635,3
96073,3
06012,3
99523,3
37422,3
33216,3
94028,3
33532,3
10425,3
28756,3
01071,3
18083,3
70803,3
44730,3
42653,3
28753,3
44866,3
17579,3
68314,3
72013,3
99687,3
65084,3
90733,3
54457,3
32900,3
44637,3
36216,3
46765,3
48419,3
06081,3
18452,3
33623,3
37825,3
77439,3
55923,3
93392,3
39337,3
85928,3
42728,3
30335,3
80614,3
89414,3
99359,3
74965,3
12834,3
97293,3
01750,3
76554,3
06089,3
83330,3
00790,3
32358,3
63461,3
98195,3
18415,3
79225,3
10101,3
61501,3
83615,3
39691,3
17355,3
74937,3
11452,3
27291,3
38209,3
99901,3
48012,3
09706,3
29220,3
90897,3
63380,3
44654,3
77501,3
95026,3
48626,3
03884,3
11376,3
81144,3
99156,3
39366,3
23426,3
26431,3
31706,3
80476,3
61812,3
52358,3
13148,3
23027,3
24317,3
53049,3
12428,3
20195,3
60096,3
84071,3
35631,3
23461,3
57319,3
26802,3
53963,3
95738,3
91117,3
25003,3
07019,3
36477,3
36370,3
20113,3
27884,3
87016,3
46764,3
32844,3
02036,3
00672,3
78019,3
49646,3
40447,3
06043,3
46118,3
75943,3
79325,3
48417,3
35634,3
29941,3
03886,3
14521,3
27345,3
20684,3
49073,3
84056,3
84091,3
29402,3
36694,3
75373,3
35651,3
38341,3
78880,3
48268,3
79733,3
84701,3
76629,3
27845,3
76951,3
49267,3
56634,3
49644,3
89416,3
71703,3
98546,3
28167,3
33807,3
40456,3
32361,3
33517,3
36048,3
35675,3
41105,3
16877,3
71663,3
53744,3
95024,3
93660,3
33479,3
28367,3
70652,3
45052,3
22012,3
27533,3
83347,3
65403,3
51653,3
14603,3
36663,3
70552,3
55041,3
74028,3
32465,3
28529,3
06928,3
92803,3
38563,3
32006,3
28028,3
94813,3
08862,3
72958,3
65707,3
23004,3
13084,3
71846,3
74855,3
03870,3
29474,3
02702,3
13367,3
07061,3
93790,3
55387,3
20038,3
39836,3
77944,3
06280,3
54126,3
29199,3
20752,3
46128,3
80266,3
70654,3
67223,3
98464,3
07457,3
49058,3
48343,3
52627,3
27508,3
44413,3
60509,3
37853,3
37088,3
29628,3
03462,3
87015,3
43007,3
15368,3
78280,3
60161,3
31004,3
03224,3
33871,3
24598,3
85652,3
39113,3
41256,3
94013,3
90683,3
72079,3
75458,3
30444,3
08864,3
48822,3
13053,3
02156,3
32715,3
75853,3
78373,3
83660,3
49068,3
40390,3
51101,3
27013,3
45766,3
84758,3
43150,3
07720,3
60539,3
33220,3
29221,3
94925,3
80931,3
43351,3
30239,3
54235,3
47446,3
92781,3
76237,3
70302,3
85380,3
22555,3
33246,3
34139,3
28569,3
34985,3
62012,3
77342,3
48763,3
30946,3
38013,3
28520,3
16059,3
13476,3
60121,3
36915,3
71653,3
17324,3
02559,3
75045,3
08906,3
09012,3
51025,3
37014,3
35133,3
38656,3
33074,3
10175,3
35231,3
66720,3
85080,3
78712,3
85646,3
21655,3
27894,3
03858,3
95314,3
58041,3
01267,3
65023,3
70095,3
72099,3
19466,3
93440,3
32194,3
40250,3
68781,3
14775,3
23407,3
12125,3
73058,3
65013,3
66285,3
72379,3
74859,3
47514,3
05032,3
74857,3
30724,3
06144,3
87901,3
70784,3
42715,3
24361,3
10740,3
85356,3
76200,3
00973,3
98111,3
86507,3
95237,3
26651,3
46540,3
11715,3
79845,3
85223,3
01055,3
53701,3
92230,3
67740,3
67420,3
65556,3
87154,3
38549,3
36563,3
77344,3
14011,3
62014,3
16411,3
21154,3
93058,3
93448,3
72173,3
27242,3
22254,3
27535,3
46962,3
53187,3
32911,3
01035,3
40512,3
45654,3
63040,3
66218,3
47872,3
23437,3
76287,3
41086,3
83816,3
49404,3
83334,3
00625,3
33153,3
93668,3
16652,3
47390,3
87412,3
74010,3
48129,3
14886,3
28714,3
61360,3
97411,3
93537,3
28523,3
61036,3
87506,3
19362,3
88317,3
39286,3
49266,3
59913,3
10542,3
26448,3
98631,3
72476,3
77621,3
94802,3
99009,3
78389,3
65052,3
14129,3
78358,3
29677,3
78010,3
60029,3
76124,3
98237,3
55340,3
66440,3
18635,3
75101,3
78383,3
75446,3
67022,3
83707,3
53950,3
36447,3
50304,3
02804,3
27926,3
65066,3
74358,3
24656,3
97362,3
92895,3
77629,3
03254,3
55386,3
05904,3
07738,3
12929,3
56345,3
07198,3
58270,3
24095,3
74441,3
79016,3
64466,3
04736,3
53412,3
08513,3
29452,3
24134,3
91940,3
33095,3
21662,3
81326,3
15313,3
32544,3
70357,3
27968,3
81223,3
93545,3
48277,3
72944,3
29850,3
56062,3
32319,3
76279,3
90913,3
04666,3
84642,3
34455,3
95641,3
05663,3
18472,3
51532,3
96386,3
07056,3
99109,3
72644,3
01036,3
17023,3
55810,3
24529,3
59501,3
83213,3
71836,3
78022,3
26041,3
97009,3
13608,3
37772,3
04110,3
52337,3
64747,3
99026,3
80520,3
77865,3
03561,3
33318,3
44430,3
65278,3
56069,3
16120,3
43337,3
04448,3
06023,3
97467,3
22906,3
92427,3
47858,3
23561,3
44429,3
56320,3
33364,3
52162,3
30155,3
94912,3
71259,3
00906,3
67135,3
39335,3
71366,3
92340,3
50436,3
56093,3
97033,3
75304,3
32214,3
77243,3
24065,3
65737,3
84017,3
44402,3
29567,3
12501,3
33474,3
22542,3
58318,3
18801,3
31077,3
07053,3
93104,3
75960,3
45146,2
45723,2
28685,2
28168,2
96038,2
18405,2
77442,2
73093,2
80645,2
60079,2
33946,2
48876,2
67070,2
25315,2
30201,2
40313,2
31058,2
32412,2
72137,2
06426,2
98291,2
44618,2
66601,2
03855,2
61555,2
85216,2
25108,2
36523,2
74727,2
62827,2
47018,2
72215,2
55944,2
94581,2
27311,2
94977,2
43787,2
87557,2
37306,2
03220,2
45764,2
04963,2
73655,2
43447,2
16230,2
94274,2
47542,2
13361,2
30146,2
04020,2
97360,2
33265,2
62558,2
45106,2
15824,2
34323,2
62304,2
47346,2
95685,2
03245,2
78066,2
63942,2
32965,2
12529,2
37861,2
31016,2
04927,2
48050,2
68370,2
56589,2
91946,2
28133,2
24554,2
56667,2
12156,2
33571,2
12140,2
48872,2
28528,2
66088,2
74041,2
79553,2
63151,2
75153,2
74631,2
82644,2
75331,2
58356,2
93254,2
78268,2
95006,2
87529,2
21561,2
14864,2
23055,2
15031,2
76825,2
13452,2
04693,2
23958,2
27114,2
28694,2
26570,2
54448,2
65656,2
44287,2
30162,2
16541,2
72949,2
33239,2
48836,2
55009,2
81252,2
18655,2
93944,2
32350,2
76077,2
35058,2
33497,2
83341,2
70630,2
37854,2
06277,2
72470,2
29614,2
72082,2
76061,2
92539,2
94142,2
51566,2
48318,2
01921,2
53563,2
77854,2
01966,2
48661,2
26426,2
24382,2
80470,2
43450,2
83405,2
97055,2
46371,2
50049,2
98602,2
47885,2
37184,2
67120,2
37818,2
64644,2
79708,2
38027,2
14136,2
04548,2
85734,2
44608,2
01969,2
55030,2
47373,2
55356,2
25918,2
84309,2
49047,2
92406,2
01568,2
72455,2
97833,2
06242,2
56024,2
67119,2
98448,2
97048,2
35175,2
28006,2
38257,2
72642,2
04009,2
71435,2
14141,2
16441,2
30580,2
06419,2
74554,2
64113,2
95150,2
97149,2
47454,2
14822,2
51012,2
17077,2
29338,2
93006,2
46711,2
97391,2
65767,2
62613,2
33734,2
06377,2
52356,2
96389,2
42716,2
89419,2
67124,2
33938,2
75959,2
50469,2
15367,2
41041,2
01370,2
06759,2
38572,2
25271,2
02076,2
96745,2
80801,2
14012,2
29616,2
04662,2
95988,2
26288,2
42167,2
39569,2
26181,2
33665,2
64750,2
43342,2
12916,2
63957,2
41348,2
37891,2
24122,2
76859,2
06334,2
60303,2
17063,2
19505,2
90651,2
62918,2
46994,2
25504,2
36030,2
61817,2
73172,2
72662,2
17605,2
28771,2
64054,2
07902,2
11977,2
49344,2
29610,2
55069,2
81132,2
27717,2
03264,2
16233,2
04474,2
58632,2
33855,2
37024,2
16033,2
91066,2
96367,2
46798,2
46173,2
71234,2
49021,2
78767,2
17748,2
94304,2
43507,2
23843,2
03034,2
49635,2
98345,2
61233,2
41472,2
49440,2
97021,2
73430,2
19456,2
25303,2
97361,2
23090,2
10969,2
43440,2
45692,2
24910,2
16051,2
04428,2
70036,2
97760,2
81039,2
44412,2
60951,2
04294,2
06133,2
99166,2
34665,2
36080,2
99361,2
97495,2
29691,2
29493,2
89184,2
02739,2
42748,2
97469,2
53528,2
60519,2
11547,2
56633,2
34201,2
21150,2
98303,2
56187,2
38574,2
12018,2
33002,2
60910,2
33757,2
30527,2
22971,2
77516,2
37352,2
47838,2
47260,2
21837,2
17728,2
73433,2
53058,2
04785,2
52332,2
32090,2
24092,2
90086,2
95847,2
85342,2
28271,2
14743,2
55733,2
41835,2
64844,2
92907,2
24651,2
05751,2
06890,2
12155,2
04679,2
43944,2
17304,2
54469,2
11245,2
62933,2
08310,2
96723,2
50809,2
75449,2
06384,2
81502,2
01903,2
88352,2
89025,2
83536,2
90051,2
76443,2
92087,2
78948,2
12222,2
53007,2
41040,2
39680,2
26170,2
44676,2
65039,2
98093,2
35739,2
17935,2
77806,2
47143,2
61010,2
65713,2
57073,2
39699,2
04412,2
04957,2
54015,2
55703,2
99258,2
24664,2
28527,2
16668,2
13815,2
60038,2
16412,2
47353,2
02133,2
63347,2
26836,2
37061,2
70884,2
97366,2
97002,2
07653,2
12737,2
53536,2
97290,2
13619,2
03290,2
61777,2
34204,2
30212,2
49452,2
77387,2
78540,2
22213,2
54854,2
35747,2
14712,2
48605,2
62091,2
74932,2
35695,2
74352,2
43910,2
46065,2
05859,2
53178,2
40231,2
15005,2
04083,2
15330,2
60434,2
24747,2
74734,2
37144,2
09459,2
85211,2
15697,2
32056,2
96224,2
48926,2
33381,2
78420,2
71973,2
28332,2
94931,2
23163,2
98356,2
83861,2
44003,2
58803,2
13493,2
16829,2
97309,2
16646,2
18503,2
56181,2
62305,2
77233,2
91407,2
56097,2
49779,2
55005,2
12832,2
65284,2
62293,2
67439,2
29552,2
30560,2
66783,2
50219,2
54661,2
48653,2
15690,2
30917,2
55949,2
01741,2
54982,2
97741,2
97440,2
32140,2
97106,2
38759,2
26385,2
57248,2
32349,2
68017,2
96721,2
72153,2
44201,2
16133,2
16701,2
80932,2
27629,2
35186,2
76271,2
13839,2
76154,2
76744,2
29147,2
95625,2
96932,2
40440,2
76238,2
98629,2
28605,2
17859,2
02666,2
11569,2
78720,2
98595,2
09754,2
24088,2
91908,2
22650,2
20792,2
30511,2
40322,2
95333,2
06256,2
46352,2
06794,2
63015,2
02305,2
13838,2
19969,2
34767,2
39214,2
97064,2
08825,2
52253,2
43406,2
97075,2
98281,2
59807,2
63459,2
31214,2
40022,2
39221,2
39463,2
64624,2
24351,2
80726,2
61911,2
62074,2
18631,2
25839,2
38232,2
80459,2
63373,2
32528,2
29046,2
42765,2
38585,2
54519,2
33688,2
28151,2
56364,2
07832,2
21849,2
09705,2
96218,2
14502,2
17302,2
18630,2
12407,2
59749,2
38184,2
43764,2
72846,2
47728,2
13060,2
91980,2
61370,2
12788,2
86434,2
95379,2
72641,2
78858,2
47138,2
55054,2
04257,2
18066,2
26105,2
87001,2
50261,2
03777,2
95449,2
07945,2
12090,2
76245,2
24171,2
02025,2
52640,2
29188,2
66052,2
95222,2
65801,2
76609,2
15961,2
68520,2
42044,2
55946,2
32860,2
78057,2
94933,2
92391,2
52136,2
31776,2
38456,2
62549,2
49721,2
14814,2
56080,2
10092,2
89451,2
33355,2
05903,2
87528,2
47720,2
73238,2
10931,2
16248,2
32399,2
08625,2
56431,2
31708,2
70175,2
60701,2
13425,2
23845,2
19547,2
57109,2
62932,2
80161,2
12173,2
29297,2
47041,2
04350,2
30633,2
40045,2
00789,2
35677,2
55381,2
13338,2
29696,2
86730,2
33829,2
19191,2
13033,2
56041,2
21798,2
08525,2
62354,2
28512,2
44613,2
07515,2
54216,2
70182,2
36803,2
16421,2
77527,2
21911,2
99762,2
91115,2
53190,2
94979,2
74880,2
46562,2
26155,2
51601,2
10450,2
17264,2
37724,2
81055,2
81211,2
38356,2
50602,2
49666,2
83622,2
85925,2
63456,2
73086,2
34450,2
38113,2
61235,2
44040,2
92072,2
52172,2
75671,2
75309,2
83226,2
88401,2
10702,2
36667,2
17535,2
13152,2
02832,2
57754,2
56048,2
78349,2
06013,2
98635,2
14512,2
56242,2
46536,2
54171,2
04040,2
03894,2
68064,2
56017,2
23153,2
95513,2
28071,2
94617,2
03247,2
54859,2
46017,2
53556,2
42259,2
93350,2
03819,2
44612,2
97016,2
49727,2
03741,2
05260,2
55052,2
04258,2
66612,2
24266,2
17060,2
32562,2
24101,2
91216,2
85263,2
72634,2
20134,2
48847,2
12580,2
85082,2
93430,2
54664,2
19507,2
48356,2
35762,2
07933,2
37385,2
81424,2
49045,2
47631,2
62690,2
17045,2
44085,2
31377,2
49690,2
27710,2
12413,2
99011,2
33001,2
02327,2
62561,2
74931,2
17316,2
42133,2
10020,2
15536,2
21041,2
03282,2
88023,2
91372,2
36250,2
16686,2
48040,2
18930,2
49286,2
38101,2
11960,2
49043,2
62812,2
95962,2
73051,2
80649,2
52645,2
01073,2
27252,2
61027,2
36444,2
58257,2
45881,2
50306,2
18347,2
27503,2
95912,2
03748,2
11468,2
79734,2
65259,2
13503,2
36432,2
39535,2
33079,2
25402,2
93451,2
09469,2
03774,2
19931,2
41030,2
54944,2
64060,2
96126,2
33922,2
03818,2
65231,2
18470,2
32260,2
63060,2
24594,2
71745,2
86002,2
83680,2
97352,2
24263,2
99006,2
27853,2
25248,2
11322,2
21052,2
12768,2
04937,2
56161,2
20118,2
24290,2
24022,2
36254,2
42603,2
75382,2
95640,2
64779,2
68729,2
14779,2
48921,2
17068,2
18231,2
37877,2
46182,2
61944,2
45843,2
52772,2
75784,2
27942,2
65327,2
27011,2
76503,2
66523,2
81641,2
54936,2
98925,2
37370,2
38316,2
35255,2
80117,2
96362,2
66023,2
50648,2
60454,2
00776,2
73144,2
95170,2
13615,2
15436,2
32083,2
95526,2
29925,2
43067,2
95011,2
19550,2
11930,2
11031,2
96052,2
98365,2
58059,2
31831,2
37811,2
04849,2
25143,2
30423,2
59825,2
62708,2
06856,2
04077,2
71929,2
49712,2
49901,2
48421,2
97133,2
99148,2
49675,2
37873,2
28736,2
52314,2
06644,2
47808,2
53726,2
62693,2
24211,2
58776,2
18837,2
68446,2
16002,2
37060,2
37044,2
55308,2
61871,2
60040,2
64070,2
44437,2
37057,2
13748,2
47882,2
29685,2
12130,2
06349,2
47955,2
13787,2
06853,2
90809,2
82633,2
51301,2
83611,2
55458,2
57793,2
62643,2
86325,2
74966,2
34248,2
12134,2
61046,2
16433,2
75011,2
06378,2
28258,2
14903,2
21066,2
72459,2
24360,2
07763,2
03083,2
64465,2
76908,2
21915,2
37711,2
98841,2
37351,2
49633,2
03302,2
98261,2
48533,2
58079,2
91404,2
72946,2
98640,2
36538,2
72126,2
04048,2
32802,2
74462,2
16681,2
08029,2
03862,2
77393,2
94163,2
64062,2
48090,2
00197,2
25984,2
34884,2
02858,2
94516,2
59647,2
59904,2
52248,2
92768,2
49783,2
30557,2
48449,2
16037,2
14809,2
01003,2
29689,2
13471,2
76043,2
12850,2
78707,2
32790,2
50174,2
28669,2
79408,2
74125,2
28224,2
87701,2
35564,2
92022,2
61418,2
37134,2
19640,2
81224,2
71861,2
62471,2
52338,2
12220,2
53184,2
58301,2
74733,2
19166,2
49228,2
32423,2
66618,2
38023,2
94701,2
38950,2
33092,2
10359,2
61878,2
23467,2
19534,2
28366,2
49854,2
45383,2
89449,2
10533,2
60598,2
42746,2
56438,2
91102,2
46748,2
95881,2
59746,2
03904,2
00978,2
14541,2
65785,2
33057,2
98015,2
72373,2
95619,2
39481,2
78161,2
96836,2
11313,2
20656,2
80106,2
70786,2
02030,2
62906,2
00989,2
97446,2
56002,2
54484,2
16636,2
49347,2
65624,2
30956,2
64076,2
64790,2
49415,2
44824,2
17307,2
21062,2
60566,2
85348,2
67504,2
24279,2
49306,2
22534,2
58773,2
95313,2
80731,2
45144,2
06752,2
45715,2
15027,2
60552,2
44630,2
95389,2
01536,2
41097,2
77855,2
10802,2
19310,2
19423,2
24090,2
88325,2
46504,2
91778,2
41311,2
43432,2
95152,2
47842,2
64788,2
32910,2
22834,2
98349,2
59920,2
79121,2
46573,2
24230,2
47001,2
97419,2
55952,2
61745,2
56282,2
98331,2
48232,2
73077,2
37757,2
20168,2
96607,1
12029,1
73073,1
26150,1
47170,1
32487,1
77220,1
17952,1
59922,1
77221,1
76646,1
62338,1
14711,1
03447,1
16512,1
83549,1
62884,1
71148,1
54032,1
89407,1
35446,1
48881,1
45118,1
03784,1
15823,1
74076,1
70892,1
47561,1
76644,1
15502,1
44428,1
14741,1
45695,1
28313,1
53533,1
16841,1
83346,1
97850,1
77951,1
12992,1
18977,1
86033,1
67505,1
16647,1
81507,1
34579,1
36318,1
57422,1
34603,1
49050,1
21773,1
59855,1
99752,1
96660,1
28657,1
65753,1
83639,1
80160,1
23937,1
49081,1
98224,1
16116,1
40402,1
52581,1
31566,1
93261,1
59526,1
48662,1
89418,1
46796,1
38034,1
12009,1
97358,1
77408,1
16123,1
15673,1
15344,1
59729,1
25601,1
10061,1
13676,1
97131,1
93394,1
32070,1
98262,1
31603,1
42217,1
13435,1
23149,1
25511,1
04084,1
04032,1
75381,1
51560,1
56466,1
14437,1
05846,1
06255,1
60541,1
19019,1
71233,1
81122,1
12525,1
82732,1
06278,1
47951,1
49648,1
55790,1
80545,1
38190,1
76127,1
31836,1
67330,1
97638,1
80250,1
11352,1
12123,1
81525,1
46556,1
36688,1
04773,1
60549,1
84719,1
47246,1
19442,1
15230,1
95067,1
15661,1
56209,1
36028,1
56544,1
40067,1
25541,1
61252,1
66756,1
40056,1
09456,1
48285,1
63655,1
41063,1
28069,1
80728,1
73444,1
53502,1
24363,1
26253,1
80540,1
26250,1
95860,1
08730,1
95159,1
37885,1
68465,1
30631,1
77983,1
15626,1
43323,1
30118,1
54245,1
44701,1
28244,1
16313,1
14055,1
04479,1
14435,1
18623,1
15748,1
06530,1
85611,1
16881,1
68457,1
47427,1
48347,1
84746,1
29633,1
61862,1
47117,1
50630,1
52584,1
20788,1
67749,1
27793,1
52638,1
74944,1
04342,1
48158,1
56447,1
95917,1
15477,1
84339,1
15771,1
23062,1
35952,1
95992,1
50002,1
04746,1
80497,1
03061,1
03304,1
40943,1
38224,1
74149,1
50658,1
24011,1
62414,1
32739,1
36346,1
40146,1
74849,1
56352,1
80483,1
95524,1
85637,1
03284,1
72774,1
01032,1
76470,1
60938,1
55070,1
24482,1
87004,1
41773,1
54619,1
24104,1
50226,1
52554,1
79083,1
17881,1
56143,1
37887,1
20030,1
96027,1
92748,1
60011,1
70787,1
84762,1
49349,1
81050,1
63621,1
76457,1
97294,1
97846,1
42419,1
32165,1
98977,1
15428,1
12917,1
57071,1
57620,1
85121,1
20035,1
44826,1
35989,1
45850,1
64725,1
28510,1
10162,1
62237,1
86045,1
16426,1
49885,1
97325,1
24573,1
78932,1
77593,1
27210,1
12066,1
65793,1
65637,1
57709,1
68340,1
56653,1
45882,1
94923,1
06469,1
05033,1
73771,1
02887,1
65402,1
84157,1
34136,1
48401,1
74039,1
17090,1
32315,1
36421,1
75759,1
23395,1
05656,1
46794,1
23416,1
28902,1
47137,1
15767,1
40820,1
55802,1
95494,1
48069,1
90294,1
79999,1
66063,1
15938,1
72853,1
30454,1
05845,1
56319,1
30731,1
40152,1
72565,1
03036,1
47926,1
84667,1
22535,1
58802,1
30229,1
62049,1
30205,1
59069,1
64756,1
83252,1
96502,1
94966,1
41804,1
15474,1
80819,1
40815,1
06423,1
24445,1
32733,1
33420,1
45071,1
34547,1
68866,1
44065,1
20158,1
47860,1
37317,1
74451,1
85731,1
30609,1
26175,1
32616,1
34443,1
75643,1
04462,1
72650,1
78241,1
05857,1
20907,1
29731,1
54537,1
38042,1
23917,1
94624,1
06459,1
16112,1
16927,1
56450,1
62903,1
61041,1
38461,1
01256,1
20859,1
44250,1
78190,1
49917,1
64831,1
28344,1
83871,1
02196,1
45671,1
43233,1
49060,1
10996,1
47980,1
27416,1
59918,1
65069,1
43345,1
05819,1
61531,1
92661,1
68853,1
97426,1
04742,1
03044,1
81120,1
50626,1
28268,1
53964,1
15935,1
54412,1
95153,1
97364,1
16424,1
12515,1
06262,1
30572,1
88054,1
08818,1
18414,1
84526,1
83422,1
05346,1
18660,1
23967,1
47006,1
66020,1
13906,1
15244,1
43008,1
48761,1
14034,1
47380,1
29530,1
56101,1
98394,1
39665,1
58652,1
71102,1
74748,1
33786,1
49092,1
95987,1
12953,1
40328,1
51638,1
10968,1
61564,1
84791,1
23964,1
27161,1
52135,1
71851,1
24441,1
72039,1
33491,1
61283,1
98328,1
66777,1
65053,1
54870,1
32912,1
76385,1
50170,1
54666,1
35815,1
14591,1
90074,1
84110,1
54221,1
25125,1
31318,1
38573,1
54745,1
28616,1
14085,1
23216,1
94567,1
79956,1
43115,1
47922,1
33485,1
38565,1
95573,1
46127,1
21402,1
62477,1
21918,1
92589,1
93258,1
04471,1
85071,1
54773,1
34703,1
13080,1
49270,1
27208,1
81266,1
63739,1
15639,1
63036,1
89185,1
77585,1
95460,1
76069,1
02725,1
47638,1
17820,1
97820,1
72041,1
01033,1
04762,1
91359,1
37049,1
48632,1
47567,1
72122,1
53543,1
93428,1
74455,1
14891,1
04691,1
11567,1
30734,1
48418,1
40259,1
36945,1
54005,1
54177,1
21865,1
62241,1
03750,1
72521,1
19554,1
66713,1
49209,1
43164,1
33391,1
50171,1
44840,1
08404,1
92682,1
33082,1
01245,1
03909,1
07691,1
61953,1
18847,1
49446,1
03455,1
94042,1
32753,1
30352,1
04004,1
20669,1
73050,1
50628,1
25102,1
42250,1
21053,1
16720,1
01355,1
94537,1
26282,1
74073,1
62550,1
42755,1
16882,1
14471,1
56556,1
85011,1
89009,1
15722,1
59412,1
67544,1
30182,1
49615,1
95420,1
19407,1
61279,1
02031,1
44503,1
67752,1
13480,1
11326,1
63841,1
33468,1
74342,1
74450,1
49841,1
52768,1
05827,1
33402,1
13730,1
37191,1
89028,1
38472,1
16672,1
27167,1
56150,1
98127,1
51579,1
37051,1
54740,1
12919,1
72018,1
85377,1
48889,1
68026,1
37996,1
99540,1
76462,1
92017,1
83860,1
77293,1
23138,1
56482,1
16678,1
86023,1
44455,1
04862,1
15329,1
92247,1
04333,1
49655,1
24150,1
49320,1
85062,1
37843,1
21757,1
21723,1
70643,1
96085,1
97453,1
26034,1
03266,1
46349,1
43027,1
15550,1
14898,1
85273,1
46710,1
78630,1
62092,1
34368,1
73083,1
02199,1
50638,1
52353,1
20750,1
78024,1
03261,1
34268,1
49908,1
74962,1
76849,1
15546,1
57638,1
43942,1
95958,1
32513,1
04910,1
56360,1
08530,1
80006,1
53114,1
85386,1
28747,1
17581,1
56324,1
47140,1
16833,1
38557,1
71060,1
37375,1
55718,1
43571,1
60150,1
75367,1
74460,1
04643,1
54217,1
45335,1
57035,1
47320,1
98610,1
45744,1
83467,1
57252,1
27425,1
17049,1
66953,1
67132,1
72718,1
14477,1
36166,1
18425,1
11571,1
03217,1
06441,1
87034,1
25524,1
06020,1
01519,1
26378,1
99119,1
40346,1
28740,1
56044,1
03256,1
68788,1
93527,1
11723,1
74883,1
85544,1
59917,1
45877,1
09464,1
14781,1
04970,1
33640,1
55975,1
28022,1
14733,1
04037,1
14825,1
17961,1
93452,1
12823,1
77984,1
12072,1
86538,1
54021,1
03216,1
23334,1
89450,1
88435,1
04427,1
97231,1
97076,1
38571,1
64018,1
14105,1
88337,1
27661,1
45648,1
79511,1
03222,1
09727,1
49871,1
14724,1
15553,1
97121,1
60063,1
83452,1
56529,1
43449,1
80829,1
63670,1
11266,1
62663,1
35620,1
42352,1
04616,1
99830,1
13648,1
49419,1
49528,1
15963,1
40702,1
03043,1
04243,1
54984,1
68882,1
40150,1
57760,1
77749,1
24324,1
83236,1
01827,1
71430,1
02163,1
76121,1
46936,1
97475,1
96750,1
29545,1
49274,1
95956,1
75305,1
03464,1
68372,1
36263,1
61565,1
23086,1
95675,1
53520,1
33654,1
59634,1
08544,1
63386,1
57232,1
43517,1
12918,1
11739,1
84046,1
21854,1
43301,1
95043,1
47568,1
02112,1
16853,1
00631,1
38551,1
25520,1
95160,1
16921,1
50063,1
32540,1
03782,1
11976,1
37036,1
95938,1
18824,1
12810,1
55719,1
50047,1
90637,1
98353,1
83653,1
50061,1
41763,1
15458,1
23047,1
14858,1
83641,1
65079,1
44181,1
52340,1
30811,1
42782,1
06442,1
93042,1
58053,1
54135,1
21917,1
86405,1
95852,1
94604,1
54838,1
72333,1
99157,1
23232,1
75481,1
12958,1
14750,1
55972,1
37318,1
60151,1
15727,1
08315,1
54156,1
33117,1
97376,1
98575,1
31086,1
70916,1
44216,1
38468,1
56273,1
47040,1
86504,1
77279,1
50846,1
34770,1
39826,1
59414,1
30243,1
36858,1
50164,1
63019,1
91334,1
76823,1
25053,1
92033,1
75990,1
60921,1
98526,1
27293,1
09205,1
49968,1
37709,1
84627,1
97449,1
04769,1
14569,1
83127,1
89003,1
18833,1
44473,1
55402,1
96137,1
99714,1
25113,1
42220,1
44021,1
92652,1
67228,1
76821,1
41166,1
77229,1
13841,1
48466,1
27627,1
44272,1
43266,1
12345,1
47708,1
95453,1
94955,1
24066,1
45791,1
14838,1
96555,1
37028,1
63935,1
11947,1
35179,1
16023,1
24246,1
49262,1
74454,1
15345,1
80446,1
80477,1
72724,1
17752,1
58208,1
72523,1
78113,1
12409,1
18074,1
53503,1
63351,1
33644,1
53098,1
71438,1
27980,1
77650,1
47512,1
36446,1
35971,1
55007,1
05837,1
03869,1
62543,1
68371,1
07851,1
29268,1
23405,1
36528,1
70178,1
14840,1
10524,1
80162,1
04473,1
22195,1
16350,1
96269,1
52493,1
03242,1
74159,1
59522,1
86312,1
13843,1
65686,1
98071,1
63048,1
55322,1
45874,1
15845,1
44615,1
16258,1
84156,1
94543,1
95595,1
26757,1
17212,1
41002,1
07926,1
91021,1
22830,1
73057,1
06456,1
47963,1
05262,1
78122,1
93460,1
49659,1
67522,1
87715,1
30753,1
68348,1
93386,1
68355,1
20702,1
47862,1
16035,1
95983,1
85625,1
06531,1
24635,1
30464,1
56574,1
97347,1
34797,1
63341,1
71742,1
16651,1
98114,1
24963,1
08346,1
37059,1
72654,1
72769,1
61085,1
80936,1
47164,1
97018,1
73157,1
68876,1
53023,1
55358,1
25252,1
31543,1
97396,1
50109,1
67013,1
15055,1
04843,1
13327,1
72164,1
27420,1
12493,1
74056,1
40311,1
59730,1
87931,1
04945,1
29901,1
95324,1
64011,1
67356,1
66842,1
07844,1
12816,1
06115,1
57051,1
71002,1
24712,1
33593,1
53515,1
00975,1
50421,1
73228,1
78865,1
14138,1
12809,1
15857,1
93235,1
14009,1
97484,1
22738,1
87010,1
49402,1
44470,1
28359,1
76437,1
47448,1
58711,1
84068,1
14143,1
95346,1
62951,1
44648,1
45619,1
54124,1
01515,1
12808,1
16915,1
92736,1
50849,1
18070,1
01611,1
05454,1
94524,1
02367,1
31504,1
30913,1
97423,1
81152,1
97870,1
03574,1
68404,1
61063,1
07725,1
51555,1
11935,1
52041,1
52766,1
30541,1
15554,1
42368,1
54732,1
65591,1
71031,1
37033,1
72626,1
20515,1
96023,1
02361,1
49896,1
04212,1
54151,1
24053,1
28788,1
99181,1
80644,1
46933,1
73434,1
15868,1
86441,1
65256,1
15323,1
43357,1
53944,1
63435,1
53941,1
60416,1
03844,1
52237,1
94064,1
97238,1
23804,1
99019,1
99652,1
09824,1
50212,1
48886,1
49930,1
62238,1
88047,1
80830,1
97826,1
34284,1
97868,1
82513,1
42717,1
58647,1
48614,1
50276,1
34220,1
28699,1
97623,1
36581,1
45778,1
18154,1
43044,1
48412,1
22943,1
04476,1
87502,1
83544,1
66835,1
81054,1
01262,1
92286,1
73096,1
63229,1
92365,1
36280,1
02556,1
06126,1
91802,1
60669,1
70345,1
68352,1
21531,1
50144,1
89440,1
66535,1
17844,1
52571,1
45661,1
37369,1
14715,1
47949,1
46105,1
71368,1
85280,1
27623,1
49019,1
97641,1
33636,1
17980,1
26679,1
03905,1
55074,1
92797,1
67108,1
15557,1
44436,1
75174,1
12921,1
87021,1
55073,1
38132,1
75037,1
43780,1
56357,1
27959,1
47585,1
06380,1
35541,1
32158,1
96020,1
43773,1
03864,1
74054,1
78662,1
12822,1
38570,1
85542,1
01788,1
96306,1
70183,1
39561,1
75497,1
14067,1
59870,1
97385,1
13030,1
61354,1
93744,1
22226,1
55090,1
97345,1
44045,1
38847,1
81023,1
85214,1
43157,1
53013,1
16929,1
05473,1
48893,1
24811,1
78353,1
14821,1
53034,1
77843,1
66724,1
17230,1
65661,1
28545,1
84725,1
74860,1
22747,1
62086,1
35966,1
53560,1
45743,1
03234,1
92023,1
80527,1
96202,1
97499,1
23402,1
97883,1
05456,1
22433,1
38368,1
66079,1
20500,1
29608,1
04112,1
77483,1
13309,1
67020,1
66113,1
05758,1
32320,1
76856,1
04463,1
95612,1
68351,1
06359,1
12440,1
38844,1
16406,1
92951,1
16025,1
52171,1
99116,1
01740,1
90409,1
54930,1
66108,1
17327,1
03826,1
44417,1
44440,1
98241,1
64481,1
47921,1
18413,1
27340,1
14098,1
98611,1
81658,1
61537,1
21783,1
93102,1
32142,1
18834,1
86025,1
53572,1
04461,1
52207,1
10366,1
98368,1
97049,1
96728,1
54463,1
55708,1
03825,1
64720,1
72732,1
50039,1
61334,1
87100,1
67860,1
54157,1
14059,1
74147,1
56329,1
97135,1
83872,1
64854,1
55363,1
22958,1
63629,1
59758,1
14131,1
77903,1
63664,1
45135,1
84745,1
04917,1
98413,1
53141,1
37892,1
66026,1
62912,1
10176,1
36955,1
01541,1
07876,1
29946,1
44656,1
03751,1
65760,1
89429,1
31604,1
57068,1
34295,1
16239,1
81415,1
54921,1
28741,1
37142,1
62894,1
48472,1
71424,1
60145,1
85218,1
12442,1
46917,1
49087,1
61204,1
81648,1
49730,1
78803,1
54414,1
78029,1
45647,1
78360,1
02643,1
29578,1
62401,1
64171,1
47327,1
38310,1
16038,1
88316,1
34681,1
98834,1
66078,1
59806,1
62649,1
13073,1
62084,1
29641,1
55741,1
83251,1
43437,1
32402,1
65611,1
23032,1
86044,1
54014,1
73151,1
61234,1
99180,1
80300,1
74536,1
47406,1
03839,1
96770,1
45887,1
13902,1
54174,1
56467,1
12979,1
40379,1
22904,1
23389,1
47960,1
80536,1
49873,1
42366,1
13118,1
97111,1
58433,1
18947,1
17249,1
33419,1
26210,1
75471,1
48686,1
25537,1
15954,1
84331,1
46788,1
27835,1
66118,1
65663,1
64469,1
44711,1
02535,1
28713,1
03255,1
68660,1
30455,1
79120,1
54136,1
19967,1
27515,1
03586,1
96776,1
87537,1
78943,1
05660,1
23212,1
38474,1
71839,1
62544,1
25976,1
31832,1
11972,1
01341,1
48157,1
49665,1
49777,1
93928,1
28287,1
83839,1
32855,1
32783,1
46701,1
54114,1
66066,1
27730,1
47954,1
99169,1
59313,1
04732,1
55063,1
28706,1
13101,1
06147,1
47619,1
99707,1
98509,1
56586,1
25045,1
01992,1
33885,1
18621,1
05440,1
26595,1
79721,1
72633,1
37065,1
99328,1
49913,1
20913,1
32422,1
99110,1
49650,1
73146,1
05601,1
14516,1
08319,1
98083,1
62568,1
74139,1
77533,1
59826,1
66945,1
15736,1
44061,1
95759,1
05873,1
65102,1
10172,1
54875,1
76652,1
30298,1
03773,1
08006,1
95636,1
31900,1
12847,1
72467,1
51024,1
06904,1
13158,1
87043,1
54849,1
31304,1
29377,1
66508,1
25241,1
73017,1
37121,1
33490,1
48849,1
41095,1
48333,1
51446,1
49958,1
13304,1
20741,1
72024,1
37109,1
12545,1
16130,1
03461,1
28255,1
15757,1
76432,1
54634,1
59425,1
95450,1
79425,1
15047,1
09745,1
54555,1
32794,1
98138,1
25639,1
71328,1
82082,1
98380,1
83602,1
91396,1
56381,1
70750,1
91392,1
16926,1
67480,1
57358,1
45653,1
15312,1
40489,1
25266,1
45114,1
31914,1
48027,1
19903,1
58072,1
47854,1
66016,1
54554,1
48413,1
25312,1
03077,1
49781,1
43011,1
37722,1
58202,1
04063,1
65275,1
89432,1
36319,1
50071,1
38318,1
56435,1
14846,1
44217,1
34777,1
22103,1
64746,1
84535,1
27248,1
59221,1
75461,1
19730,1
13602,1
30007,1
05048,1
64034,1
81240,1
37824,1
18928,1
80542,1
56252,1
04863,1
66770,1
11549,1
32914,1
72386,1
44337,1
13812,1
62367,1
18934,1
32044,1
89520,1
08014,1
14527,1
46068,1
75944,1
06248,1
12468,1
95418,1
83701,1
24853,1
24839,1
76097,1
99840,1
97435,1
92232,1
90282,1
51640,1
53026,1
74027,1
75488,1
29126,1
99214,1
36435,1
91314,1
29703,1
84332,1
56362,1
03802,1
65110,1
62021,1
13346,1
74421,1
46543,1
46423,1
30208,1
59270,1
17832,1
35087,1
46161,1
48815,1
05839,1
62259,1
03227,1
02562,1
81610,1
20996,1
54232,1
82939,1
95927,1
85740,1
64856,1
73047,1
37032,1
91610,1
39818,1
73565,1
58693,1
34228,1
45862,1
07833,1
37347,1
63780,1
10113,1
94942,1
33779,1
12177,1
54202,1
13733,1
61834,1
93067,1
26026,1
52757,1
18350,1
68633,1
23184,1
10253,1
80041,1
97442,1
58765,1
05735,1
29038,1
75136,1
73642,1
55355,1
22714,1
01888,1
49807,1
74547,1
76854,1
37176,1
37175,1
64857,1
10123,1
21111,1
73131,1
74171,1
52776,1
85359,1
84324,1
41635,1
23315,1
23129,1
50447,1
57001,1
49657,1
49651,1
32549,1
16340,1
36258,1
17353,1
60524,1
37723,1
12871,1
97022,1
34115,1
42120,1
24571,1
89510,1
94820,1
38548,1
49357,1
16843,1
02769,1
40755,1
26555,1
92039,1
12746,1
31307,1
75550,1
32013,1
94957,1
32417,1
13756,1
53954,1
05774,1
77231,1
86431,1
23255,1
06876,1
84333,1
96058,1
64668,1
27976,1
97447,1
65552,1
63873,1
47456,1
50561,1
08543,1
11439,1
48456,1
68442,1
90122,1
61001,1
67454,1
49111,1
92175,1
87048,1
47974,1
65240,1
55956,1
68305,1
95701,1
37846,1
21545,1
29716,1
27676,1
68059,1
04781,1
06966,1
12789,1
71070,1
93169,1
84501,1
74964,1
80308,1
83525,1
48453,1
14883,1
92202,1
50073,1
68410,1
13442,1
49241,1
02655,1
90793,1
95267,1
02110,1
72577,1
76702,1
53001,1
53806,1
40988,1
13156,1
15636,1
13108,1
76228,1
76602,1
41073,1
56536,1
54486,1
93776,1
43822,1
82426,1
59829,1
38233,1
61125,1
04419,1
38388,1
13308,1
65680,1
38001,1
24328,1
42330,1
25506,1
92235,1
56253,1
30332,1
46772,1
47368,1
03785,1
87556,1
98344,1
56172,1
41825,1
76717,1
95140,1
61014,1
99126,1
32622,1
62295,1
09310,1
80438,1
88052,1
26588,1
64463,1
80864,1
30148,1
02812,1
06751,1
54487,1
57430,1
48746,1
42031,1
24486,1
44418,1
75413,1
99185,1
38365,1
38167,1
79608,1
12197,1
63956,1
95737,1
41602,1
98340,1
81251,1
68501,1
38405,1
12238,1
41222,1
62067,1
85321,1
86430,1
03809,1
35423,1
46938,1
74428,1
97541,1
07038,1
49416,1
11294,1
11384,1
95536,1
91333,1
12967,1
58368,1
74561,1
09618,1
33078,1
81433,1
49195,1
42038,1
56662,1
95021,1
98844,1
49931,1
57785,1
92226,1
43135,1
01057,1
73737,1
31739,1
93639,1
16901,1
97268,1
04094,1
98508,1
94018,1
72530,1
47141,1
49969,1
98240,1
17073,1
35741,1
60895,1
17584,1
05043,1
16316,1
70402,1
54631,1
35149,1
75694,1
37140,1
62011,1
14476,1
98249,1
48651,1
14716,1
03827,1
98822,1
44450,1
42002,1
40006,1
23156,1
33429,1
54466,1
72066,1
68069,1
64835,1
80045,1
29938,1
43124,1
65205,1
05667,1
53125,1
61489,1
01034,1
23022,1
51557,1
48883,1
79996,1
65633,1
31145,1
45710,1
49788,1
67146,1
46004,1
20916,1
45906,1
05761,1
44672,1
24226,1
09366,1
37602,1
94017,1
29643,1
21101,1
23356,1
41006,1
96049,1
28404,1
51546,1
71651,1
32427,1
79839,1
33956,1
13801,1
37807,1
61726,1
47520,1
92549,1
85902,1
28375,1
84064,1
91319,1
60518,1
51439,1
85369,1
02464,1
79095,1
12138,1
97327,1
23921,1
59301,1
08316,1
68955,1
46253,1
38545,1
98236,1
54754,1
28026,1
16056,1
14723,1
54520,1
73011,1
43338,1
17830,1
20827,1
34462,1
99524,1
40253,1
54247,1
86015,1
54139,1
14013,1
81069,1
19895,1
51001,1
65263,1
99117,1
60055,1
94652,1
99509,1
43731,1
67584,1
47558,1
72040,1
59034,1
40290,1
68864,1
67645,1
67554,1
21814,1
12164,1
25855,1
17099,1
72060,1
58636,1
83742,1
65565,1
38374,1
74346,1
03260,1
69356,1
54531,1
05488,1
11284,1
54538,1
88221,1
55271,1
53574,1
64730,1
62017,1
43755,1
68924,1
46723,1
57028,1
05039,1
37150,1
55523,1
55011,1
99115,1
17094,1
14174,1
58464,1
78535,1
80820,1
73061,1
46511,1
82225,1
74884,1
13143,1
18810,1
04344,1
04047,1
74653,1
13036,1
69147,1
38154,1
59926,1
67402,1
37153,1
06481,1
82227,1
04929,1
18854,1
42411,1
64770,1
98830,1
54618,1
35776,1
52216,1
41606,1
19930,1
76902,1
79559,1
93150,1
70513,1
15611,1
04238,1
77258,1
49682,1
79512,1
78683,1
15478,1
15956,1
67017,1
86338,1
01537,1
72619,1
32247,1
04001,1
12027,1
64468,1
28644,1
08019,1
15658,1
11573,1
12974,1
17365,1
85240,1
55307,1
54011,1
02862,1
43552,1
56152,1
23670,1
20632,1
03861,1
35595,1
54758,1
71371,1
48754,1
68358,1
50548,1
45711,1
99563,1
47719,1
44334,1
15846,1
94119,1
37023,1
15445,1
37310,1
78802,1
59027,1
65078,1
43142,1
15931,1
04426,1
49756,1
19318,1
39116,1
66006,1
95537,1
15314,1
53712,1
07980,1
14040,1
46552,1
95955,1
06281,1
12833,1
05743,1
72632,1
95741,1
06580,1
22937,1
30668,1
58222,1
90639,1
97429,1
95977,1
97708,1
38328,1
70505,1
99674,1
24220,1
58278,1
43158,1
01079,1
30730,1
37714,1
96062,1
44880,1
26408,1
60071,1
94049,1
15282,1
61725,1
46381,1
44662,1
72738,1
68856,1
17059,1
45303,1
17084,1
62056,1
76665,1
59275,1
44046,1
91080,1
49227,1
62417,1
47342,1
98569,1
82602,1
59747,1
49720,1
68428,1
15432,1
45311,1
55382,1
63006,1
28742,1
44625,1
04211,1
67748,1
49894,1
63334,1
35979,1
84340,1
94309,1
14205,1
03452,1
96025,1
92837,1
08511,1
49072,1
62501,1
92537,1
83837,1
80809,1
75403,1
62009,1
49336,1
97014,1
67578,1
75016,1
24326,1
96191,1
46374,1
35956,1
08353,1
12093,1
61734,1
45174,1
79910,1
01451,1
54552,1
35813,1
33554,1
50275,1
59041,1
70152,1
48155,1
94951,1
81047,1
02576,1
41175,1
62033,1
22935,1
09266,1
47438,1
80037,1
19068,1
08661,1
43210,1
54082,1
49248,1
04969,1
97114,1
76538,1
55349,1
72542,1
46797,1
22959,1
15056,1
52155,1
54723,1
45123,1
14770,1
23084,1
28055,1
49042,1
06235,1
12069,1
87052,1
59457,1
86341,1
78561,1
86003,1
18458,1
56621,1
54639,1
56475,1
25625,1
15427,1
57223,1
68317,1
39062,1
65037,1
42333,1
81332,1
47020,1
49102,1
95430,1
17054,1
67104,1
40385,1
73059,1
41558,1
67701,1
91615,1
77267,1
68922,1
20889,1
43324,1
06354,1
96051,1
85622,1
83541,1
23828,1
53586,1
24237,1
40270,1
26201,1
89034,1
95569,1
50583,1
66028,1
17731,1
65360,1
70431,1
89155,1
63302,1
11060,1
15834,1
22448,1
57532,1
98539,1
23169,1
14572,1
17968,1
47037,1
98385,1
89016,1
71644,1
97462,1
02557,1
47531,1
44213,1
71462,1
50581,1
19477,1
28735,1
61738,1
76459,1
50674,1
50579,1
62271,1
25159,1
53531,1
73450,1
45169,1
46001,1
62245,1
19504,1
09892,1
87937,1
92685,1
07911,1
44235,1
55321,1
66619,1
96377,1
13144,1
06080,1
62916,1
33857,1
67576,1
45772,1
66105,1
97378,1
74029,1
58853,1
95462,1
80453,1
50622,1
33039,1
62418,1
21520,1
54722,1
14070,1
56288,1
44062,1
43111,1
98395,1
66060,1
58346,1
97918,1
47151,1
85606,1
47635,1
98351,1
18053,1
46538,1
88062,1
54622,1
69336,1
95327,1
32631,1
57077,1
89180,1
47383,1
45384,1
87119,1
57469,1
75477,1
33854,1
57747,1
14721,1
36660,1
54840,1
71315,1
32954,1
72727,1
48760,1
24124,1
08101,1
99003,1
56479,1
41080,1
48637,1
12087,1
84008,1
45679,1
12883,1
80201,1
91322,1
43319,1
54424,1
72937,1
52322,1
94023,1
91716,1
66937,1
92263,1
03037,1
74425,1
78522,1
14740,1
53537,1
63945,1
17501,1
62947,1
54004,1
65711,1
29159,1
04562,1
53170,1
85939,1
18445,1
56240,1
03580,1
43844,1
78433,1
48450,1
54667,1
29604,1
72444,1
49234,1
67138,1
49268,1
21755,1
72833,1
49247,1
44875,1
59436,1
48892,1
47523,1
06503,1
74832,1
00649,1
71749,1
40486,1
03221,1
46747,1
09712,1
17824,1
84714,1
70073,1
28640,1
53936,1
34826,1
64492,1
24002,1
46130,1
56649,1
62952,1
49621,1
46706,1
09112,1
29768,1
08328,1
62468,1
81154,1
71359,1
53340,1
53805,1
43556,1
03225,1
41339,1
87821,1
28232,1
11724,1
46166,1
33017,1
30287,1
55964,1
12997,1
97416,1
98247,1
44199,1
14718,1
62902,1
49649,1
04765,1
62545,1
91412,1
71021,1
75554,1
63937,1
75476,1
24348,1
11690,1
74101,1
13159,1
48745,1
06090,1
47234,1
95948,1
44639,1
22579,1
55045,1
49096,1
14897,1
78060,1
90944,1
74423,1
14302,1
24370,1
56437,1
89515,1
58276,1
24556,1
66534,1
22720,1
12867,1
94141,1
45176,1
53934,1
65323,1
22833,1
27628,1
12052,1
63468,1
49053,1
96739,1
93515,1
58436,1
28260,1
49287,1
22711,1
20842,1
77273,1
14731,1
04219,1
73014,1
56655,1
45501,1
77335,1
42740,1
05361,1
94532,1
44980,1
35232,1
32004,1
59748,1
55992,1
15342,1
41749,1
55751,1
04343,1
82902,1
62088,1
34538,1
06241,1
79255,1
24970,1
18435,1
92312,1
59327,1
78283,1
49733,1
12212,1
68756,1
55043,1
51571,1
54471,1
50428,1
32406,1
10158,1
38702,1
56567,1
49330,1
54499,1
29828,1
54455,1
57031,1
95456,1
35046,1
27939,1
55003,1
43832,1
22842,1
02185,1
12724,1
36763,1
76656,1
27927,1
62320,1
02012,1
09636,1
58578,1
61263,1
56054,1
37357,1
49751,1
47983,1
62357,1
04254,1
63870,1
40143,1
12837,1
43548,1
56310,1
79923,1
02874,1
22924,1
72063,1
28901,1
25124,1
90281,1
63627,1
40232,1
92018,1
28670,1
79525,1
24174,1
54957,1
20303,1
46779,1
47660,1
06060,1
74856,1
39556,1
34024,1
05363,1
61413,1
92004,1
62075,1
62363,1
97208,1
83245,1
76627,1
48730,1
06282,1
45656,1
70449,1
86514,1
06793,1
73095,1
40269,1
50441,1
11697,1
74038,1
45808,1
44096,1
34206,1
62379,1
37382,1
68461,1
92628,1
34031,1
94946,1
42210,1
54928,1
99803,1
65026,1
25514,1
19381,1
37770,1
42215,1
79769,1
32681,1
03287,1
27413,1
61433,1
92074,1
68455,1
50228,1
01236,1
61482,1
10899,1
62694,1
95439,1
19436,1
87552,1
90831,1
45277,1
24381,1
89040,1
02722,1
50022,1
93108,1
53119,1
25699,1
53065,1
97437,1
86053,1
82520,1
46865,1
06757,1
81413,1
72422,1
06068,1
68066,1
44905,1
95517,1
56249,1
73947,1
69130,1
93279,1
17560,1
11737,1
46070,1
68642,1
28234,1
04444,1
06601,1
85360,1
33097,1
62898,1
84412,1
47452,1
28709,1
58545,1
78638,1
92278,1
33975,1
14804,1
34269,1
38052,1
50135,1
74044,1
08602,1
49071,1
42726,1
79019,1
14423,1
03902,1
